"Longitude (x)","Latitude (y)","Station Name","Climate ID","Date/Time","Year","Month","Day","Data Quality","Max Temp (°C)","Max Temp Flag","Min Temp (°C)","Min Temp Flag","Mean Temp (°C)","Mean Temp Flag","Heat Deg Days (°C)","Heat Deg Days Flag","Cool Deg Days (°C)","Cool Deg Days Flag","Total Rain (mm)","Total Rain Flag","Total Snow (cm)","Total Snow Flag","Total Precip (mm)","Total Precip Flag","Snow on Grnd (cm)","Snow on Grnd Flag","Dir of Max Gust (10s deg)","Dir of Max Gust Flag","Spd of Max Gust (km/h)","Spd of Max Gust Flag"
"-77.98","72.68","POND INLET","2403200","1936-01-01","1936","01","01","","-31.7","","-38.9","","-35.3","","53.3","","0.0","","0.0","","0.0","","0.0","","","","","","",""
"-77.98","72.68","POND INLET","2403200","1936-01-02","1936","01","02","","-31.7","","-41.7","","-36.7","","54.7","","0.0","","0.0","","0.0","","0.0","","","","","","",""
"-77.98","72.68","POND INLET","2403200","1936-01-03","1936","01","03","","-22.2","","-35.0","","-28.6","","46.6","","0.0","","0.0","","0.0","","0.0","","","","","","",""
"-77.98","72.68","POND INLET","2403200","1936-01-04","1936","01","04","","-20.6","","-30.0","","-25.3","","43.3","","0.0","","0.0","","0.8","","0.8","","","","","","",""
"-77.98","72.68","POND INLET","2403200","1936-01-05","1936","01","05","","-22.2","","-32.8","","-27.5","","45.5","","0.0","","0.0","","0.0","","0.0","","","","","","",""
"-77.98","72.68","POND INLET","2403200","1936-01-06","1936","01","06","","-17.8","","-27.2","","-22.5","","40.5","","0.0","","0.0","","0.0","","0.0","","","","","","",""
"-77.98","72.68","POND INLET","2403200","1936-01-07","1936","01","07","","-24.4","","-33.9","","-29.2","","47.2","","0.0","","0.0","","0.0","","0.0","","","","","","",""
"-77.98","72.68","POND INLET","2403200","1936-01-08","1936","01","08","","-20.0","","-28.9","","-24.5","","42.5","","0.0","","0.0","","0.8","","0.8","","","","","","",""
"-77.98","72.68","POND INLET","2403200","1936-01-09","1936","01","09","","-14.4","","-21.7","","-18.1","","36.1","","0.0","","0.0","","2.5","","2.5","","","","","","",""
"-77.98","72.68","POND INLET","2403200","1936-01-10","1936","01","10","","-20.0","","-35.6","","-27.8","","45.8","","0.0","","0.0","","0.0","","0.0","","","","","","",""
"-77.98","72.68","POND INLET","2403200","1936-01-11","1936","01","11","","-33.9","","-41.7","","-37.8","","55.8","","0.0","","0.0","","0.0","","0.0","","","","","","",""
"-77.98","72.68","POND INLET","2403200","1936-01-12","1936","01","12","","","M","-44.4","","","M","","M","","M","0.0","","0.0","","0.0","","","","","","",""
"-77.98","72.68","POND INLET","2403200","1936-01-13","1936","01","13","","-21.7","","-40.6","","-31.2","","49.2","","0.0","","0.0","","0.0","","0.0","","","","","","",""
"-77.98","72.68","POND INLET","2403200","1936-01-14","1936","01","14","","-23.9","","-31.1","","-27.5","","45.5","","0.0","","0.0","","0.0","","0.0","","","","","","",""
"-77.98","72.68","POND INLET","2403200","1936-01-15","1936","01","15","","-25.6","","-33.9","","-29.8","","47.8","","0.0","","0.0","","0.0","","0.0","","","","","","",""
"-77.98","72.68","POND INLET","2403200","1936-01-16","1936","01","16","","-21.7","","-28.9","","-25.3","","43.3","","0.0","","0.0","","0.0","","0.0","","","","","","",""
"-77.98","72.68","POND INLET","2403200","1936-01-17","1936","01","17","","-21.7","","-37.2","","-29.5","","47.5","","0.0","","0.0","","0.0","","0.0","","","","","","",""
"-77.98","72.68","POND INLET","2403200","1936-01-18","1936","01","18","","-13.3","","-36.7","","-25.0","","43.0","","0.0","","0.0","","0.0","","0.0","","","","","","",""
"-77.98","72.68","POND INLET","2403200","1936-01-19","1936","01","19","","-12.8","","-30.0","","-21.4","","39.4","","0.0","","0.0","","5.1","","5.1","","","","","","",""
"-77.98","72.68","POND INLET","2403200","1936-01-20","1936","01","20","","-26.1","","-27.8","","-27.0","","45.0","","0.0","","0.0","","1.3","","1.3","","","","","","",""
"-77.98","72.68","POND INLET","2403200","1936-01-21","1936","01","21","","-31.1","","-36.1","","-33.6","","51.6","","0.0","","0.0","","0.0","","0.0","","","","","","",""
"-77.98","72.68","POND INLET","2403200","1936-01-22","1936","01","22","","-32.8","","-43.3","","-38.1","","56.1","","0.0","","0.0","","0.0","","0.0","","","","","","",""
"-77.98","72.68","POND INLET","2403200","1936-01-23","1936","01","23","","-37.2","","-42.8","","-40.0","","58.0","","0.0","","0.0","","0.0","","0.0","","","","","","",""
"-77.98","72.68","POND INLET","2403200","1936-01-24","1936","01","24","","-37.2","","-41.7","","-39.5","","57.5","","0.0","","0.0","","0.0","","0.0","","","","","","",""
"-77.98","72.68","POND INLET","2403200","1936-01-25","1936","01","25","","-34.4","","-38.9","","-36.7","","54.7","","0.0","","0.0","","0.0","","0.0","","","","","","",""
"-77.98","72.68","POND INLET","2403200","1936-01-26","1936","01","26","","-26.1","","-30.0","","-28.1","","46.1","","0.0","","0.0","","0.0","","0.0","","","","","","",""
"-77.98","72.68","POND INLET","2403200","1936-01-27","1936","01","27","","-26.1","","-38.3","","-32.2","","50.2","","0.0","","0.0","","0.0","","0.0","","","","","","",""
"-77.98","72.68","POND INLET","2403200","1936-01-28","1936","01","28","","-34.4","","-41.1","","-37.8","","55.8","","0.0","","0.0","","0.0","","0.0","","","","","","",""
"-77.98","72.68","POND INLET","2403200","1936-01-29","1936","01","29","","-34.4","","-38.3","","-36.4","","54.4","","0.0","","0.0","","0.0","","0.0","","","","","","",""
"-77.98","72.68","POND INLET","2403200","1936-01-30","1936","01","30","","-33.9","","-40.6","","-37.3","","55.3","","0.0","","0.0","","0.0","","0.0","","","","","","",""
"-77.98","72.68","POND INLET","2403200","1936-01-31","1936","01","31","","-26.7","","-42.8","","-34.8","","52.8","","0.0","","0.0","","0.0","","0.0","","","","","","",""
"-77.98","72.68","POND INLET","2403200","1936-02-01","1936","02","01","","-27.8","","-41.1","","-34.5","","52.5","","0.0","","0.0","","0.0","","0.0","","","","","","",""
"-77.98","72.68","POND INLET","2403200","1936-02-02","1936","02","02","","-27.8","","-40.0","","-33.9","","51.9","","0.0","","0.0","","0.0","","0.0","","","","","","",""
"-77.98","72.68","POND INLET","2403200","1936-02-03","1936","02","03","","-28.9","","-36.7","","-32.8","","50.8","","0.0","","0.0","","0.0","","0.0","","","","","","",""
"-77.98","72.68","POND INLET","2403200","1936-02-04","1936","02","04","","-28.9","","-38.9","","-33.9","","51.9","","0.0","","0.0","","0.0","","0.0","","","","","","",""
"-77.98","72.68","POND INLET","2403200","1936-02-05","1936","02","05","","-29.4","","-38.3","","-33.9","","51.9","","0.0","","0.0","","0.0","","0.0","","","","","","",""
"-77.98","72.68","POND INLET","2403200","1936-02-06","1936","02","06","","-28.9","","-39.4","","-34.2","","52.2","","0.0","","0.0","","0.0","","0.0","","","","","","",""
"-77.98","72.68","POND INLET","2403200","1936-02-07","1936","02","07","","-28.9","","-32.8","","-30.9","","48.9","","0.0","","0.0","","2.5","","2.5","","","","","","",""
"-77.98","72.68","POND INLET","2403200","1936-02-08","1936","02","08","","-32.8","","-37.8","","-35.3","","53.3","","0.0","","0.0","","0.0","","0.0","","","","","","",""
"-77.98","72.68","POND INLET","2403200","1936-02-09","1936","02","09","","-33.9","","-38.9","","-36.4","","54.4","","0.0","","0.0","","0.0","","0.0","","","","","","",""
"-77.98","72.68","POND INLET","2403200","1936-02-10","1936","02","10","","-32.8","","-36.7","","-34.8","","52.8","","0.0","","0.0","","0.0","","0.0","","","","","","",""
"-77.98","72.68","POND INLET","2403200","1936-02-11","1936","02","11","","-23.3","","-40.0","","-31.7","","49.7","","0.0","","0.0","","0.0","","0.0","","","","","","",""
"-77.98","72.68","POND INLET","2403200","1936-02-12","1936","02","12","","-21.1","","-26.1","","-23.6","","41.6","","0.0","","0.0","","0.0","","0.0","","","","","","",""
"-77.98","72.68","POND INLET","2403200","1936-02-13","1936","02","13","","-18.3","","-22.2","","-20.3","","38.3","","0.0","","0.0","","0.0","","0.0","","","","","","",""
"-77.98","72.68","POND INLET","2403200","1936-02-14","1936","02","14","","-7.8","","-20.0","","-13.9","","31.9","","0.0","","0.0","","0.0","","0.0","","","","","","",""
"-77.98","72.68","POND INLET","2403200","1936-02-15","1936","02","15","","-6.7","","-9.4","","-8.1","","26.1","","0.0","","0.0","","0.0","","0.0","","","","","","",""
"-77.98","72.68","POND INLET","2403200","1936-02-16","1936","02","16","","-17.8","","-20.6","","-19.2","","37.2","","0.0","","0.0","","0.0","","0.0","","","","","","",""
"-77.98","72.68","POND INLET","2403200","1936-02-17","1936","02","17","","-23.9","","-28.3","","-26.1","","44.1","","0.0","","0.0","","0.0","","0.0","","","","","","",""
"-77.98","72.68","POND INLET","2403200","1936-02-18","1936","02","18","","-29.4","","-36.1","","-32.8","","50.8","","0.0","","0.0","","0.0","","0.0","","","","","","",""
"-77.98","72.68","POND INLET","2403200","1936-02-19","1936","02","19","","-20.6","","-33.9","","-27.3","","45.3","","0.0","","0.0","","0.0","","0.0","","","","","","",""
"-77.98","72.68","POND INLET","2403200","1936-02-20","1936","02","20","","-17.8","","-23.9","","-20.9","","38.9","","0.0","","0.0","","0.0","","0.0","","","","","","",""
"-77.98","72.68","POND INLET","2403200","1936-02-21","1936","02","21","","-17.8","","-21.1","","-19.5","","37.5","","0.0","","0.0","","3.8","","3.8","","","","","","",""
"-77.98","72.68","POND INLET","2403200","1936-02-22","1936","02","22","","-20.6","","-26.1","","-23.4","","41.4","","0.0","","0.0","","0.0","","0.0","","","","","","",""
"-77.98","72.68","POND INLET","2403200","1936-02-23","1936","02","23","","-21.7","","-26.1","","-23.9","","41.9","","0.0","","0.0","","0.0","","0.0","","","","","","",""
"-77.98","72.68","POND INLET","2403200","1936-02-24","1936","02","24","","-28.3","","-37.2","","-32.8","","50.8","","0.0","","0.0","","0.0","","0.0","","","","","","",""
"-77.98","72.68","POND INLET","2403200","1936-02-25","1936","02","25","","-26.1","","-30.6","","-28.4","","46.4","","0.0","","0.0","","0.0","","0.0","","","","","","",""
"-77.98","72.68","POND INLET","2403200","1936-02-26","1936","02","26","","-11.7","","-28.3","","-20.0","","38.0","","0.0","","0.0","","0.0","","0.0","","","","","","",""
"-77.98","72.68","POND INLET","2403200","1936-02-27","1936","02","27","","-3.9","","-17.2","","-10.6","","28.6","","0.0","","0.0","","0.0","","0.0","","","","","","",""
"-77.98","72.68","POND INLET","2403200","1936-02-28","1936","02","28","","-10.0","","-17.8","","-13.9","","31.9","","0.0","","0.0","","0.0","","0.0","","","","","","",""
"-77.98","72.68","POND INLET","2403200","1936-02-29","1936","02","29","","-29.4","","-31.7","","-30.6","","48.6","","0.0","","0.0","","0.0","","0.0","","","","","","",""
"-77.98","72.68","POND INLET","2403200","1936-03-01","1936","03","01","","-25.6","","-31.1","","-28.4","","46.4","","0.0","","0.0","","0.0","","0.0","","","","","","",""
"-77.98","72.68","POND INLET","2403200","1936-03-02","1936","03","02","","-26.1","","-27.8","","-27.0","","45.0","","0.0","","0.0","","0.0","","0.0","","","","","","",""
"-77.98","72.68","POND INLET","2403200","1936-03-03","1936","03","03","","-29.4","","-31.7","","-30.6","","48.6","","0.0","","0.0","","0.0","","0.0","","","","","","",""
"-77.98","72.68","POND INLET","2403200","1936-03-04","1936","03","04","","-26.1","","-35.6","","-30.9","","48.9","","0.0","","0.0","","0.0","","0.0","","","","","","",""
"-77.98","72.68","POND INLET","2403200","1936-03-05","1936","03","05","","-19.4","","-27.2","","-23.3","","41.3","","0.0","","0.0","","0.0","","0.0","","","","","","",""
"-77.98","72.68","POND INLET","2403200","1936-03-06","1936","03","06","","-18.3","","-20.6","","-19.5","","37.5","","0.0","","0.0","","0.0","","0.0","","","","","","",""
"-77.98","72.68","POND INLET","2403200","1936-03-07","1936","03","07","","-17.8","","-20.6","","-19.2","","37.2","","0.0","","0.0","","1.3","","1.3","","","","","","",""
"-77.98","72.68","POND INLET","2403200","1936-03-08","1936","03","08","","-18.3","","-24.4","","-21.4","","39.4","","0.0","","0.0","","0.0","","0.0","","","","","","",""
"-77.98","72.68","POND INLET","2403200","1936-03-09","1936","03","09","","-22.8","","-27.2","","-25.0","","43.0","","0.0","","0.0","","0.0","","0.0","","","","","","",""
"-77.98","72.68","POND INLET","2403200","1936-03-10","1936","03","10","","-18.9","","-30.6","","-24.8","","42.8","","0.0","","0.0","","0.0","","0.0","","","","","","",""
"-77.98","72.68","POND INLET","2403200","1936-03-11","1936","03","11","","-23.9","","-26.1","","-25.0","","43.0","","0.0","","0.0","","0.0","","0.0","","","","","","",""
"-77.98","72.68","POND INLET","2403200","1936-03-12","1936","03","12","","-24.4","","-27.2","","-25.8","","43.8","","0.0","","0.0","","0.0","","0.0","","","","","","",""
"-77.98","72.68","POND INLET","2403200","1936-03-13","1936","03","13","","-31.1","","-36.1","","-33.6","","51.6","","0.0","","0.0","","0.0","","0.0","","","","","","",""
"-77.98","72.68","POND INLET","2403200","1936-03-14","1936","03","14","","-30.0","","-35.0","","-32.5","","50.5","","0.0","","0.0","","0.0","","0.0","","","","","","",""
"-77.98","72.68","POND INLET","2403200","1936-03-15","1936","03","15","","-26.7","","-35.0","","-30.9","","48.9","","0.0","","0.0","","0.0","","0.0","","","","","","",""
"-77.98","72.68","POND INLET","2403200","1936-03-16","1936","03","16","","-24.4","","-28.3","","-26.4","","44.4","","0.0","","0.0","","0.0","","0.0","","","","","","",""
"-77.98","72.68","POND INLET","2403200","1936-03-17","1936","03","17","","-26.7","","-31.1","","-28.9","","46.9","","0.0","","0.0","","0.0","","0.0","","","","","","",""
"-77.98","72.68","POND INLET","2403200","1936-03-18","1936","03","18","","-26.7","","-33.9","","-30.3","","48.3","","0.0","","0.0","","0.0","","0.0","","","","","","",""
"-77.98","72.68","POND INLET","2403200","1936-03-19","1936","03","19","","-20.6","","-28.3","","-24.5","","42.5","","0.0","","0.0","","0.0","","0.0","","","","","","",""
"-77.98","72.68","POND INLET","2403200","1936-03-20","1936","03","20","","-20.0","","-25.0","","-22.5","","40.5","","0.0","","0.0","","0.0","","0.0","","","","","","",""
"-77.98","72.68","POND INLET","2403200","1936-03-21","1936","03","21","","-22.8","","-27.2","","-25.0","","43.0","","0.0","","0.0","","0.0","","0.0","","","","","","",""
"-77.98","72.68","POND INLET","2403200","1936-03-22","1936","03","22","","-13.9","","-23.9","","-18.9","","36.9","","0.0","","0.0","","0.0","","0.0","","","","","","",""
"-77.98","72.68","POND INLET","2403200","1936-03-23","1936","03","23","","-9.4","","-15.6","","-12.5","","30.5","","0.0","","0.0","","2.5","","2.5","","","","","","",""
"-77.98","72.68","POND INLET","2403200","1936-03-24","1936","03","24","","-11.7","","-31.7","","-21.7","","39.7","","0.0","","0.0","","0.0","","0.0","","","","","","",""
"-77.98","72.68","POND INLET","2403200","1936-03-25","1936","03","25","","-15.0","","-26.7","","-20.9","","38.9","","0.0","","0.0","","0.0","","0.0","","","","","","",""
"-77.98","72.68","POND INLET","2403200","1936-03-26","1936","03","26","","-27.2","","-31.7","","-29.5","","47.5","","0.0","","0.0","","0.0","","0.0","","","","","","",""
"-77.98","72.68","POND INLET","2403200","1936-03-27","1936","03","27","","-26.1","","-36.1","","-31.1","","49.1","","0.0","","0.0","","0.0","","0.0","","","","","","",""
"-77.98","72.68","POND INLET","2403200","1936-03-28","1936","03","28","","-28.3","","-38.3","","-33.3","","51.3","","0.0","","0.0","","0.0","","0.0","","","","","","",""
"-77.98","72.68","POND INLET","2403200","1936-03-29","1936","03","29","","-29.4","","-40.0","","-34.7","","52.7","","0.0","","0.0","","0.0","","0.0","","","","","","",""
"-77.98","72.68","POND INLET","2403200","1936-03-30","1936","03","30","","-23.3","","-38.3","","-30.8","","48.8","","0.0","","0.0","","0.0","","0.0","","","","","","",""
"-77.98","72.68","POND INLET","2403200","1936-03-31","1936","03","31","","","M","","M","","M","","M","","M","0.0","","0.0","","0.0","","","","","","",""
"-77.98","72.68","POND INLET","2403200","1936-04-01","1936","04","01","","","","","M","","","","","","","0.0","","0.0","","0.0","","","","","","",""
"-77.98","72.68","POND INLET","2403200","1936-04-02","1936","04","02","","","","-33.3","","","","","","","","0.0","","0.0","","0.0","","","","","","",""
"-77.98","72.68","POND INLET","2403200","1936-04-03","1936","04","03","","","","-16.7","","","","","","","","0.0","","0.0","","0.0","","","","","","",""
"-77.98","72.68","POND INLET","2403200","1936-04-04","1936","04","04","","","","-18.3","","","","","","","","0.0","","0.0","","0.0","","","","","","",""
"-77.98","72.68","POND INLET","2403200","1936-04-05","1936","04","05","","","","-23.9","","","","","","","","0.0","","0.0","","0.0","","","","","","",""
"-77.98","72.68","POND INLET","2403200","1936-04-06","1936","04","06","","","","-29.4","","","","","","","","0.0","","0.0","","0.0","","","","","","",""
"-77.98","72.68","POND INLET","2403200","1936-04-07","1936","04","07","","","","-30.6","","","","","","","","0.0","","0.0","","0.0","","","","","","",""
"-77.98","72.68","POND INLET","2403200","1936-04-08","1936","04","08","","","","-30.6","","","","","","","","0.0","","0.0","","0.0","","","","","","",""
"-77.98","72.68","POND INLET","2403200","1936-04-09","1936","04","09","","","","-33.3","","","","","","","","0.0","","0.0","","0.0","","","","","","",""
"-77.98","72.68","POND INLET","2403200","1936-04-10","1936","04","10","","","","-26.1","","","","","","","","0.0","","0.0","","0.0","","","","","","",""
"-77.98","72.68","POND INLET","2403200","1936-04-11","1936","04","11","","","","-25.0","","","","","","","","0.0","","0.0","","0.0","","","","","","",""
"-77.98","72.68","POND INLET","2403200","1936-04-12","1936","04","12","","","","-24.4","","","","","","","","0.0","","0.0","","0.0","","","","","","",""
"-77.98","72.68","POND INLET","2403200","1936-04-13","1936","04","13","","","","-23.9","","","","","","","","0.0","","0.0","","0.0","","","","","","",""
"-77.98","72.68","POND INLET","2403200","1936-04-14","1936","04","14","","","","-16.7","","","","","","","","0.0","","1.3","","1.3","","","","","","",""
"-77.98","72.68","POND INLET","2403200","1936-04-15","1936","04","15","","","","-21.1","","","","","","","","0.0","","1.3","","1.3","","","","","","",""
"-77.98","72.68","POND INLET","2403200","1936-04-16","1936","04","16","","","","-26.1","","","","","","","","0.0","","0.0","","0.0","","","","","","",""
"-77.98","72.68","POND INLET","2403200","1936-04-17","1936","04","17","","","","-27.2","","","","","","","","0.0","","0.0","","0.0","","","","","","",""
"-77.98","72.68","POND INLET","2403200","1936-04-18","1936","04","18","","","","-26.1","","","","","","","","0.0","","0.0","","0.0","","","","","","",""
"-77.98","72.68","POND INLET","2403200","1936-04-19","1936","04","19","","","","-28.9","","","","","","","","0.0","","0.0","","0.0","","","","","","",""
"-77.98","72.68","POND INLET","2403200","1936-04-20","1936","04","20","","","","-28.9","","","","","","","","0.0","","0.0","","0.0","","","","","","",""
"-77.98","72.68","POND INLET","2403200","1936-04-21","1936","04","21","","","","-29.4","","","","","","","","0.0","","0.0","","0.0","","","","","","",""
"-77.98","72.68","POND INLET","2403200","1936-04-22","1936","04","22","","","","-29.4","","","","","","","","0.0","","0.0","","0.0","","","","","","",""
"-77.98","72.68","POND INLET","2403200","1936-04-23","1936","04","23","","","","-32.2","","","","","","","","0.0","","0.0","","0.0","","","","","","",""
"-77.98","72.68","POND INLET","2403200","1936-04-24","1936","04","24","","","","-30.6","","","","","","","","0.0","","0.0","","0.0","","","","","","",""
"-77.98","72.68","POND INLET","2403200","1936-04-25","1936","04","25","","","","-23.9","","","","","","","","0.0","","0.0","","0.0","","","","","","",""
"-77.98","72.68","POND INLET","2403200","1936-04-26","1936","04","26","","","","-24.4","","","","","","","","0.0","","0.0","","0.0","","","","","","",""
"-77.98","72.68","POND INLET","2403200","1936-04-27","1936","04","27","","","","-28.9","","","","","","","","0.0","","0.0","","0.0","","","","","","",""
"-77.98","72.68","POND INLET","2403200","1936-04-28","1936","04","28","","","","-26.1","","","","","","","","0.0","","1.3","","1.3","","","","","","",""
"-77.98","72.68","POND INLET","2403200","1936-04-29","1936","04","29","","","","-20.0","","","","","","","","0.0","","0.0","","0.0","","","","","","",""
"-77.98","72.68","POND INLET","2403200","1936-04-30","1936","04","30","","","","-23.3","","","","","","","","0.0","","0.0","","0.0","","","","","","",""
"-77.98","72.68","POND INLET","2403200","1936-05-01","1936","05","01","","-11.1","","-21.7","","-16.4","","34.4","","0.0","","0.0","","0.0","","0.0","","","","","","",""
"-77.98","72.68","POND INLET","2403200","1936-05-02","1936","05","02","","-10.6","","-21.1","","-15.9","","33.9","","0.0","","0.0","","0.0","","0.0","","","","","","",""
"-77.98","72.68","POND INLET","2403200","1936-05-03","1936","05","03","","-10.6","","-16.7","","-13.7","","31.7","","0.0","","0.0","","0.0","","0.0","","","","","","",""
"-77.98","72.68","POND INLET","2403200","1936-05-04","1936","05","04","","-8.3","","-19.4","","-13.9","","31.9","","0.0","","0.0","","0.0","","0.0","","","","","","",""
"-77.98","72.68","POND INLET","2403200","1936-05-05","1936","05","05","","-8.3","","-21.1","","-14.7","","32.7","","0.0","","0.0","","0.0","","0.0","","","","","","",""
"-77.98","72.68","POND INLET","2403200","1936-05-06","1936","05","06","","-10.6","","-21.7","","-16.2","","34.2","","0.0","","0.0","","0.0","","0.0","","","","","","",""
"-77.98","72.68","POND INLET","2403200","1936-05-07","1936","05","07","","-11.1","","-23.3","","-17.2","","35.2","","0.0","","0.0","","0.0","","0.0","","","","","","",""
"-77.98","72.68","POND INLET","2403200","1936-05-08","1936","05","08","","-11.7","","-18.3","","-15.0","","33.0","","0.0","","0.0","","0.0","","0.0","","","","","","",""
"-77.98","72.68","POND INLET","2403200","1936-05-09","1936","05","09","","-10.6","","-22.2","","-16.4","","34.4","","0.0","","0.0","","0.0","","0.0","","","","","","",""
"-77.98","72.68","POND INLET","2403200","1936-05-10","1936","05","10","","-8.3","","-21.7","","-15.0","","33.0","","0.0","","0.0","","0.0","","0.0","","","","","","",""
"-77.98","72.68","POND INLET","2403200","1936-05-11","1936","05","11","","-12.2","","-15.6","","-13.9","","31.9","","0.0","","0.0","","0.0","","0.0","","","","","","",""
"-77.98","72.68","POND INLET","2403200","1936-05-12","1936","05","12","","-11.1","","-16.7","","-13.9","","31.9","","0.0","","0.0","","0.0","","0.0","","","","","","",""
"-77.98","72.68","POND INLET","2403200","1936-05-13","1936","05","13","","-7.8","","-22.2","","-15.0","","33.0","","0.0","","0.0","","0.0","","0.0","","","","","","",""
"-77.98","72.68","POND INLET","2403200","1936-05-14","1936","05","14","","-11.1","","-13.3","","-12.2","","30.2","","0.0","","0.0","","0.0","","0.0","","","","","","",""
"-77.98","72.68","POND INLET","2403200","1936-05-15","1936","05","15","","-6.7","","-15.6","","-11.2","","29.2","","0.0","","0.0","","0.0","","0.0","","","","","","",""
"-77.98","72.68","POND INLET","2403200","1936-05-16","1936","05","16","","-6.7","","-18.3","","-12.5","","30.5","","0.0","","0.0","","0.0","","0.0","","","","","","",""
"-77.98","72.68","POND INLET","2403200","1936-05-17","1936","05","17","","-5.0","","-15.6","","-10.3","","28.3","","0.0","","0.0","","0.0","","0.0","","","","","","",""
"-77.98","72.68","POND INLET","2403200","1936-05-18","1936","05","18","","-1.7","","-8.9","","-5.3","","23.3","","0.0","","0.0","","0.8","","0.8","","","","","","",""
"-77.98","72.68","POND INLET","2403200","1936-05-19","1936","05","19","","-2.2","","-7.2","","-4.7","","22.7","","0.0","","0.0","","0.0","","0.0","","","","","","",""
"-77.98","72.68","POND INLET","2403200","1936-05-20","1936","05","20","","-2.2","","-7.2","","-4.7","","22.7","","0.0","","0.0","","0.0","","0.0","","","","","","",""
"-77.98","72.68","POND INLET","2403200","1936-05-21","1936","05","21","","-2.2","","-7.2","","-4.7","","22.7","","0.0","","0.0","","0.0","","0.0","","","","","","",""
"-77.98","72.68","POND INLET","2403200","1936-05-22","1936","05","22","","-2.2","","-6.7","","-4.5","","22.5","","0.0","","0.0","","0.0","","0.0","","","","","","",""
"-77.98","72.68","POND INLET","2403200","1936-05-23","1936","05","23","","-2.2","","-10.0","","-6.1","","24.1","","0.0","","0.0","","0.0","","0.0","","","","","","",""
"-77.98","72.68","POND INLET","2403200","1936-05-24","1936","05","24","","-2.2","","-7.2","","-4.7","","22.7","","0.0","","0.0","","0.0","","0.0","","","","","","",""
"-77.98","72.68","POND INLET","2403200","1936-05-25","1936","05","25","","1.7","","-6.7","","-2.5","","20.5","","0.0","","0.0","","0.0","","0.0","","","","","","",""
"-77.98","72.68","POND INLET","2403200","1936-05-26","1936","05","26","","2.2","","-2.8","","-0.3","","18.3","","0.0","","0.0","","0.0","","0.0","","","","","","",""
"-77.98","72.68","POND INLET","2403200","1936-05-27","1936","05","27","","1.7","","-2.8","","-0.6","","18.6","","0.0","","0.0","","0.0","","0.0","","","","","","",""
"-77.98","72.68","POND INLET","2403200","1936-05-28","1936","05","28","","2.2","","-3.3","","-0.6","","18.6","","0.0","","0.0","","0.0","","0.0","","","","","","",""
"-77.98","72.68","POND INLET","2403200","1936-05-29","1936","05","29","","2.2","","-3.3","","-0.6","","18.6","","0.0","","0.0","","0.0","","0.0","","","","","","",""
"-77.98","72.68","POND INLET","2403200","1936-05-30","1936","05","30","","2.2","","-1.7","","0.3","","17.7","","0.0","","0.0","","1.3","","1.3","","","","","","",""
"-77.98","72.68","POND INLET","2403200","1936-05-31","1936","05","31","","5.0","","1.1","","3.1","","14.9","","0.0","","0.0","","0.0","","0.0","","","","","","",""
"-77.98","72.68","POND INLET","2403200","1936-06-01","1936","06","01","","7.8","","3.3","","5.6","","12.4","","0.0","","0.0","","0.0","","0.0","","","","","","",""
"-77.98","72.68","POND INLET","2403200","1936-06-02","1936","06","02","","3.9","","-0.6","","1.7","","16.3","","0.0","","0.0","","0.0","","0.0","","","","","","",""
"-77.98","72.68","POND INLET","2403200","1936-06-03","1936","06","03","","3.9","","-0.6","","1.7","","16.3","","0.0","","3.8","","0.0","","3.8","","","","","","",""
"-77.98","72.68","POND INLET","2403200","1936-06-04","1936","06","04","","4.4","","1.7","","3.1","","14.9","","0.0","","0.0","","0.0","","0.0","","","","","","",""
"-77.98","72.68","POND INLET","2403200","1936-06-05","1936","06","05","","4.4","","1.7","","3.1","","14.9","","0.0","","0.0","","0.0","","0.0","","","","","","",""
"-77.98","72.68","POND INLET","2403200","1936-06-06","1936","06","06","","2.8","","-1.1","","0.9","","17.1","","0.0","","0.0","","0.0","","0.0","","","","","","",""
"-77.98","72.68","POND INLET","2403200","1936-06-07","1936","06","07","","3.9","","-1.1","","1.4","","16.6","","0.0","","0.0","","0.0","","0.0","","","","","","",""
"-77.98","72.68","POND INLET","2403200","1936-06-08","1936","06","08","","3.9","","-1.1","","1.4","","16.6","","0.0","","0.0","","0.0","","0.0","","","","","","",""
"-77.98","72.68","POND INLET","2403200","1936-06-09","1936","06","09","","3.9","","2.2","","3.1","","14.9","","0.0","","0.0","","0.0","","0.0","","","","","","",""
"-77.98","72.68","POND INLET","2403200","1936-06-10","1936","06","10","","1.7","","0.0","","0.9","","17.1","","0.0","","0.0","","0.0","","0.0","","","","","","",""
"-77.98","72.68","POND INLET","2403200","1936-06-11","1936","06","11","","2.8","","0.0","","1.4","","16.6","","0.0","","0.0","","0.0","","0.0","","","","","","",""
"-77.98","72.68","POND INLET","2403200","1936-06-12","1936","06","12","","2.2","","-1.7","","0.3","","17.7","","0.0","","0.0","","0.0","","0.0","","","","","","",""
"-77.98","72.68","POND INLET","2403200","1936-06-13","1936","06","13","","3.3","","-0.6","","1.4","","16.6","","0.0","","0.0","","0.0","","0.0","","","","","","",""
"-77.98","72.68","POND INLET","2403200","1936-06-14","1936","06","14","","3.3","","-3.9","","-0.3","","18.3","","0.0","","0.0","","0.0","","0.0","","","","","","",""
"-77.98","72.68","POND INLET","2403200","1936-06-15","1936","06","15","","4.4","","-2.8","","0.8","","17.2","","0.0","","0.0","","0.0","","0.0","","","","","","",""
"-77.98","72.68","POND INLET","2403200","1936-06-16","1936","06","16","","4.4","","0.0","","2.2","","15.8","","0.0","","0.0","","0.0","","0.0","","","","","","",""
"-77.98","72.68","POND INLET","2403200","1936-06-17","1936","06","17","","4.4","","-1.1","","1.7","","16.3","","0.0","","0.0","","0.0","","0.0","","","","","","",""
"-77.98","72.68","POND INLET","2403200","1936-06-18","1936","06","18","","3.3","","-0.6","","1.4","","16.6","","0.0","","0.0","","0.0","","0.0","","","","","","",""
"-77.98","72.68","POND INLET","2403200","1936-06-19","1936","06","19","","5.0","","0.0","","2.5","","15.5","","0.0","","0.8","","0.0","","0.8","","","","","","",""
"-77.98","72.68","POND INLET","2403200","1936-06-20","1936","06","20","","2.2","","0.6","","1.4","","16.6","","0.0","","2.0","","0.0","","2.0","","","","","","",""
"-77.98","72.68","POND INLET","2403200","1936-06-21","1936","06","21","","2.8","","0.0","","1.4","","16.6","","0.0","","0.0","","0.0","","0.0","","","","","","",""
"-77.98","72.68","POND INLET","2403200","1936-06-22","1936","06","22","","6.1","","-0.6","","2.8","","15.2","","0.0","","0.0","","0.0","","0.0","","","","","","",""
"-77.98","72.68","POND INLET","2403200","1936-06-23","1936","06","23","","7.2","","0.0","","3.6","","14.4","","0.0","","0.0","","0.0","","0.0","","","","","","",""
"-77.98","72.68","POND INLET","2403200","1936-06-24","1936","06","24","","6.1","","0.0","","3.1","","14.9","","0.0","","0.0","","0.0","","0.0","","","","","","",""
"-77.98","72.68","POND INLET","2403200","1936-06-25","1936","06","25","","7.2","","0.6","","3.9","","14.1","","0.0","","0.0","","0.0","","0.0","","","","","","",""
"-77.98","72.68","POND INLET","2403200","1936-06-26","1936","06","26","","7.8","","0.0","","3.9","","14.1","","0.0","","0.0","","0.0","","0.0","","","","","","",""
"-77.98","72.68","POND INLET","2403200","1936-06-27","1936","06","27","","4.4","","0.6","","2.5","","15.5","","0.0","","0.0","","0.0","","0.0","","","","","","",""
"-77.98","72.68","POND INLET","2403200","1936-06-28","1936","06","28","","8.3","","0.0","","4.2","","13.8","","0.0","","0.0","","0.0","","0.0","","","","","","",""
"-77.98","72.68","POND INLET","2403200","1936-06-29","1936","06","29","","14.4","","0.0","","7.2","","10.8","","0.0","","0.0","","0.0","","0.0","","","","","","",""
"-77.98","72.68","POND INLET","2403200","1936-06-30","1936","06","30","","12.8","","5.0","","8.9","","9.1","","0.0","","0.0","","0.0","","0.0","","","","","","",""
"-77.98","72.68","POND INLET","2403200","1936-07-01","1936","07","01","","","","","","","","","","","","1.3","","0.0","","1.3","","","","","","",""
"-77.98","72.68","POND INLET","2403200","1936-07-02","1936","07","02","","","","","","","","","","","","0.0","","0.0","","0.0","","","","","","",""
"-77.98","72.68","POND INLET","2403200","1936-07-03","1936","07","03","","","","","","","","","","","","3.8","","0.0","","3.8","","","","","","",""
"-77.98","72.68","POND INLET","2403200","1936-07-04","1936","07","04","","","","","","","","","","","","0.5","","0.0","","0.5","","","","","","",""
"-77.98","72.68","POND INLET","2403200","1936-07-05","1936","07","05","","","","","","","","","","","","0.0","","0.0","","0.0","","","","","","",""
"-77.98","72.68","POND INLET","2403200","1936-07-06","1936","07","06","","","","","","","","","","","","0.0","","0.0","","0.0","","","","","","",""
"-77.98","72.68","POND INLET","2403200","1936-07-07","1936","07","07","","","","","","","","","","","","0.0","","0.0","","0.0","","","","","","",""
"-77.98","72.68","POND INLET","2403200","1936-07-08","1936","07","08","","","","","","","","","","","","0.0","","0.0","","0.0","","","","","","",""
"-77.98","72.68","POND INLET","2403200","1936-07-09","1936","07","09","","","","","","","","","","","","0.0","","0.0","","0.0","","","","","","",""
"-77.98","72.68","POND INLET","2403200","1936-07-10","1936","07","10","","","","","","","","","","","","0.0","","0.0","","0.0","","","","","","",""
"-77.98","72.68","POND INLET","2403200","1936-07-11","1936","07","11","","","","","","","","","","","","0.0","","0.0","","0.0","","","","","","",""
"-77.98","72.68","POND INLET","2403200","1936-07-12","1936","07","12","","","","","","","","","","","","0.0","","0.0","","0.0","","","","","","",""
"-77.98","72.68","POND INLET","2403200","1936-07-13","1936","07","13","","","","","","","","","","","","0.0","","0.0","","0.0","","","","","","",""
"-77.98","72.68","POND INLET","2403200","1936-07-14","1936","07","14","","","","","","","","","","","","0.0","","0.0","","0.0","","","","","","",""
"-77.98","72.68","POND INLET","2403200","1936-07-15","1936","07","15","","","","","","","","","","","","0.0","","0.0","","0.0","","","","","","",""
"-77.98","72.68","POND INLET","2403200","1936-07-16","1936","07","16","","","","","","","","","","","","0.0","","0.0","","0.0","","","","","","",""
"-77.98","72.68","POND INLET","2403200","1936-07-17","1936","07","17","","","","","","","","","","","","0.0","","0.0","","0.0","","","","","","",""
"-77.98","72.68","POND INLET","2403200","1936-07-18","1936","07","18","","","","","","","","","","","","0.0","","0.0","","0.0","","","","","","",""
"-77.98","72.68","POND INLET","2403200","1936-07-19","1936","07","19","","","","","","","","","","","","0.0","","0.0","","0.0","","","","","","",""
"-77.98","72.68","POND INLET","2403200","1936-07-20","1936","07","20","","","","","","","","","","","","0.0","","0.0","","0.0","","","","","","",""
"-77.98","72.68","POND INLET","2403200","1936-07-21","1936","07","21","","","","","","","","","","","","0.0","","0.0","","0.0","","","","","","",""
"-77.98","72.68","POND INLET","2403200","1936-07-22","1936","07","22","","","","","","","","","","","","0.0","","0.0","","0.0","","","","","","",""
"-77.98","72.68","POND INLET","2403200","1936-07-23","1936","07","23","","","","","","","","","","","","0.0","","0.0","","0.0","","","","","","",""
"-77.98","72.68","POND INLET","2403200","1936-07-24","1936","07","24","","","","","","","","","","","","0.0","","0.0","","0.0","","","","","","",""
"-77.98","72.68","POND INLET","2403200","1936-07-25","1936","07","25","","","","","","","","","","","","0.0","","0.0","","0.0","","","","","","",""
"-77.98","72.68","POND INLET","2403200","1936-07-26","1936","07","26","","","","","","","","","","","","0.0","","0.0","","0.0","","","","","","",""
"-77.98","72.68","POND INLET","2403200","1936-07-27","1936","07","27","","","","","","","","","","","","0.0","","0.0","","0.0","","","","","","",""
"-77.98","72.68","POND INLET","2403200","1936-07-28","1936","07","28","","","","","","","","","","","","0.8","","0.0","","0.8","","","","","","",""
"-77.98","72.68","POND INLET","2403200","1936-07-29","1936","07","29","","","","","","","","","","","","0.0","","0.0","","0.0","","","","","","",""
"-77.98","72.68","POND INLET","2403200","1936-07-30","1936","07","30","","","","","","","","","","","","0.0","","0.0","","0.0","","","","","","",""
"-77.98","72.68","POND INLET","2403200","1936-07-31","1936","07","31","","","","","","","","","","","","0.0","","0.0","","0.0","","","","","","",""
"-77.98","72.68","POND INLET","2403200","1936-08-01","1936","08","01","","10.6","","3.3","","7.0","","11.0","","0.0","","2.3","","0.0","","2.3","","","","","","",""
"-77.98","72.68","POND INLET","2403200","1936-08-02","1936","08","02","","8.3","","5.0","","6.7","","11.3","","0.0","","0.0","T","0.0","","0.0","T","","","","","",""
"-77.98","72.68","POND INLET","2403200","1936-08-03","1936","08","03","","7.8","","3.3","","5.6","","12.4","","0.0","","2.0","","0.0","","2.0","","","","","","",""
"-77.98","72.68","POND INLET","2403200","1936-08-04","1936","08","04","","6.1","","1.1","","3.6","","14.4","","0.0","","1.3","","0.0","","1.3","","","","","","",""
"-77.98","72.68","POND INLET","2403200","1936-08-05","1936","08","05","","7.8","","0.0","","3.9","","14.1","","0.0","","0.0","","0.0","","0.0","","","","","","",""
"-77.98","72.68","POND INLET","2403200","1936-08-06","1936","08","06","","7.2","","1.1","","4.2","","13.8","","0.0","","0.0","","0.0","","0.0","","","","","","",""
"-77.98","72.68","POND INLET","2403200","1936-08-07","1936","08","07","","8.9","","1.7","","5.3","","12.7","","0.0","","0.0","","0.0","","0.0","","","","","","",""
"-77.98","72.68","POND INLET","2403200","1936-08-08","1936","08","08","","6.1","","1.1","","3.6","","14.4","","0.0","","0.0","","0.0","","0.0","","","","","","",""
"-77.98","72.68","POND INLET","2403200","1936-08-09","1936","08","09","","8.3","","5.0","","6.7","","11.3","","0.0","","0.0","","0.0","","0.0","","","","","","",""
"-77.98","72.68","POND INLET","2403200","1936-08-10","1936","08","10","","10.0","","2.8","","6.4","","11.6","","0.0","","0.0","","0.0","","0.0","","","","","","",""
"-77.98","72.68","POND INLET","2403200","1936-08-11","1936","08","11","","10.6","","4.4","","7.5","","10.5","","0.0","","0.0","","0.0","","0.0","","","","","","",""
"-77.98","72.68","POND INLET","2403200","1936-08-12","1936","08","12","","7.8","","3.3","","5.6","","12.4","","0.0","","0.0","","0.0","","0.0","","","","","","",""
"-77.98","72.68","POND INLET","2403200","1936-08-13","1936","08","13","","5.6","","2.8","","4.2","","13.8","","0.0","","0.0","","0.0","","0.0","","","","","","",""
"-77.98","72.68","POND INLET","2403200","1936-08-14","1936","08","14","","8.3","","3.3","","5.8","","12.2","","0.0","","0.0","","0.0","","0.0","","","","","","",""
"-77.98","72.68","POND INLET","2403200","1936-08-15","1936","08","15","","8.9","","2.8","","5.9","","12.1","","0.0","","0.0","","0.0","","0.0","","","","","","",""
"-77.98","72.68","POND INLET","2403200","1936-08-16","1936","08","16","","8.3","","1.7","","5.0","","13.0","","0.0","","0.0","","0.0","","0.0","","","","","","",""
"-77.98","72.68","POND INLET","2403200","1936-08-17","1936","08","17","","7.2","","2.8","","5.0","","13.0","","0.0","","0.0","","0.0","","0.0","","","","","","",""
"-77.98","72.68","POND INLET","2403200","1936-08-18","1936","08","18","","6.7","","1.1","","3.9","","14.1","","0.0","","0.0","","0.0","","0.0","","","","","","",""
"-77.98","72.68","POND INLET","2403200","1936-08-19","1936","08","19","","8.3","","1.7","","5.0","","13.0","","0.0","","0.0","","0.0","","0.0","","","","","","",""
"-77.98","72.68","POND INLET","2403200","1936-08-20","1936","08","20","","8.3","","0.0","","4.2","","13.8","","0.0","","0.0","","0.0","","0.0","","","","","","",""
"-77.98","72.68","POND INLET","2403200","1936-08-21","1936","08","21","","10.0","","2.2","","6.1","","11.9","","0.0","","0.0","","0.0","","0.0","","","","","","",""
"-77.98","72.68","POND INLET","2403200","1936-08-22","1936","08","22","","8.3","","5.0","","6.7","","11.3","","0.0","","0.0","","0.0","","0.0","","","","","","",""
"-77.98","72.68","POND INLET","2403200","1936-08-23","1936","08","23","","7.2","","0.6","","3.9","","14.1","","0.0","","3.6","","0.0","","3.6","","","","","","",""
"-77.98","72.68","POND INLET","2403200","1936-08-24","1936","08","24","","4.4","","-0.6","","1.9","","16.1","","0.0","","0.0","","0.0","","0.0","","","","","","",""
"-77.98","72.68","POND INLET","2403200","1936-08-25","1936","08","25","","4.4","","1.1","","2.8","","15.2","","0.0","","0.0","","0.0","","0.0","","","","","","",""
"-77.98","72.68","POND INLET","2403200","1936-08-26","1936","08","26","","4.4","","2.2","","3.3","","14.7","","0.0","","0.0","","0.0","","0.0","","","","","","",""
"-77.98","72.68","POND INLET","2403200","1936-08-27","1936","08","27","","3.9","","0.0","","2.0","","16.0","","0.0","","0.0","","0.0","","0.0","","","","","","",""
"-77.98","72.68","POND INLET","2403200","1936-08-28","1936","08","28","","3.3","","-0.6","","1.4","","16.6","","0.0","","1.3","","0.0","","1.3","","","","","","",""
"-77.98","72.68","POND INLET","2403200","1936-08-29","1936","08","29","","1.1","","-1.1","","0.0","","18.0","","0.0","","0.0","","1.5","","1.5","","","","","","",""
"-77.98","72.68","POND INLET","2403200","1936-08-30","1936","08","30","","2.2","","-1.1","","0.6","","17.4","","0.0","","0.0","","2.5","","2.5","","","","","","",""
"-77.98","72.68","POND INLET","2403200","1936-08-31","1936","08","31","","3.9","","-0.6","","1.7","","16.3","","0.0","","0.0","","0.0","","0.0","","","","","","",""
"-77.98","72.68","POND INLET","2403200","1936-09-01","1936","09","01","","2.8","","0.6","","1.7","","16.3","","0.0","","0.0","","0.0","","0.0","","","","","","",""
"-77.98","72.68","POND INLET","2403200","1936-09-02","1936","09","02","","4.4","","-1.1","","1.7","","16.3","","0.0","","0.0","","0.0","","0.0","","","","","","",""
"-77.98","72.68","POND INLET","2403200","1936-09-03","1936","09","03","","5.6","","0.6","","3.1","","14.9","","0.0","","0.0","","0.0","","0.0","","","","","","",""
"-77.98","72.68","POND INLET","2403200","1936-09-04","1936","09","04","","4.4","","0.6","","2.5","","15.5","","0.0","","0.0","","0.0","","0.0","","","","","","",""
"-77.98","72.68","POND INLET","2403200","1936-09-05","1936","09","05","","7.2","","0.0","","3.6","","14.4","","0.0","","0.0","","0.0","","0.0","","","","","","",""
"-77.98","72.68","POND INLET","2403200","1936-09-06","1936","09","06","","9.4","","1.7","","5.6","","12.4","","0.0","","0.0","","0.0","","0.0","","","","","","",""
"-77.98","72.68","POND INLET","2403200","1936-09-07","1936","09","07","","","M","","M","","M","","M","","M","0.0","","0.0","","0.0","","","","","","",""
"-77.98","72.68","POND INLET","2403200","1936-09-08","1936","09","08","","7.8","","-2.8","","2.5","","15.5","","0.0","","0.0","","0.0","","0.0","","","","","","",""
"-77.98","72.68","POND INLET","2403200","1936-09-09","1936","09","09","","1.7","","-0.6","","0.6","","17.4","","0.0","","0.0","","0.0","","0.0","","","","","","",""
"-77.98","72.68","POND INLET","2403200","1936-09-10","1936","09","10","","2.8","","-2.2","","0.3","","17.7","","0.0","","0.0","","0.0","","0.0","","","","","","",""
"-77.98","72.68","POND INLET","2403200","1936-09-11","1936","09","11","","1.1","","-3.3","","-1.1","","19.1","","0.0","","0.0","","0.0","","0.0","","","","","","",""
"-77.98","72.68","POND INLET","2403200","1936-09-12","1936","09","12","","1.1","","-3.9","","-1.4","","19.4","","0.0","","0.0","","0.0","","0.0","","","","","","",""
"-77.98","72.68","POND INLET","2403200","1936-09-13","1936","09","13","","","M","-1.7","","","M","","M","","M","0.0","","0.0","","0.0","","","","","","",""
"-77.98","72.68","POND INLET","2403200","1936-09-14","1936","09","14","","","M","","M","","M","","M","","M","0.0","","0.0","","0.0","","","","","","",""
"-77.98","72.68","POND INLET","2403200","1936-09-15","1936","09","15","","5.0","","0.6","","2.8","","15.2","","0.0","","0.0","","0.0","","0.0","","","","","","",""
"-77.98","72.68","POND INLET","2403200","1936-09-16","1936","09","16","","4.4","","1.1","","2.8","","15.2","","0.0","","0.0","","0.0","","0.0","","","","","","",""
"-77.98","72.68","POND INLET","2403200","1936-09-17","1936","09","17","","6.1","","1.7","","3.9","","14.1","","0.0","","0.0","","0.0","","0.0","","","","","","",""
"-77.98","72.68","POND INLET","2403200","1936-09-18","1936","09","18","","3.9","","0.6","","2.3","","15.7","","0.0","","0.0","","0.0","","0.0","","","","","","",""
"-77.98","72.68","POND INLET","2403200","1936-09-19","1936","09","19","","3.3","","-2.2","","0.6","","17.4","","0.0","","0.0","","0.0","","0.0","","","","","","",""
"-77.98","72.68","POND INLET","2403200","1936-09-20","1936","09","20","","2.8","","-2.8","","0.0","","18.0","","0.0","","0.0","","0.0","","0.0","","","","","","",""
"-77.98","72.68","POND INLET","2403200","1936-09-21","1936","09","21","","2.2","","-5.0","","-1.4","","19.4","","0.0","","0.0","","0.0","","0.0","","","","","","",""
"-77.98","72.68","POND INLET","2403200","1936-09-22","1936","09","22","","2.8","","-0.6","","1.1","","16.9","","0.0","","0.0","","0.0","","0.0","","","","","","",""
"-77.98","72.68","POND INLET","2403200","1936-09-23","1936","09","23","","3.9","","0.0","","2.0","","16.0","","0.0","","0.0","","0.0","","0.0","","","","","","",""
"-77.98","72.68","POND INLET","2403200","1936-09-24","1936","09","24","","3.3","","0.6","","2.0","","16.0","","0.0","","0.0","","0.0","","0.0","","","","","","",""
"-77.98","72.68","POND INLET","2403200","1936-09-25","1936","09","25","","2.8","","-1.1","","0.9","","17.1","","0.0","","0.0","","0.0","","0.0","","","","","","",""
"-77.98","72.68","POND INLET","2403200","1936-09-26","1936","09","26","","0.6","","-3.9","","-1.7","","19.7","","0.0","","0.0","","6.4","","6.4","","","","","","",""
"-77.98","72.68","POND INLET","2403200","1936-09-27","1936","09","27","","-1.1","","-2.8","","-2.0","","20.0","","0.0","","0.0","","0.0","","0.0","","","","","","",""
"-77.98","72.68","POND INLET","2403200","1936-09-28","1936","09","28","","-1.7","","-6.7","","-4.2","","22.2","","0.0","","0.0","","0.0","","0.0","","","","","","",""
"-77.98","72.68","POND INLET","2403200","1936-09-29","1936","09","29","","-1.7","","-6.1","","-3.9","","21.9","","0.0","","0.0","","0.0","","0.0","","","","","","",""
"-77.98","72.68","POND INLET","2403200","1936-09-30","1936","09","30","","-3.3","","-8.9","","-6.1","","24.1","","0.0","","0.0","","0.0","","0.0","","","","","","",""
"-77.98","72.68","POND INLET","2403200","1936-10-01","1936","10","01","","-2.8","","-8.3","","-5.6","","23.6","","0.0","","0.0","","0.0","","0.0","","","","","","",""
"-77.98","72.68","POND INLET","2403200","1936-10-02","1936","10","02","","-2.8","","-5.6","","-4.2","","22.2","","0.0","","0.0","","5.1","","5.1","","","","","","",""
"-77.98","72.68","POND INLET","2403200","1936-10-03","1936","10","03","","-6.7","","-11.1","","-8.9","","26.9","","0.0","","0.0","","0.0","","0.0","","","","","","",""
"-77.98","72.68","POND INLET","2403200","1936-10-04","1936","10","04","","-6.7","","-12.2","","-9.5","","27.5","","0.0","","0.0","","0.0","","0.0","","","","","","",""
"-77.98","72.68","POND INLET","2403200","1936-10-05","1936","10","05","","-6.1","","-10.0","","-8.1","","26.1","","0.0","","0.0","","0.0","","0.0","","","","","","",""
"-77.98","72.68","POND INLET","2403200","1936-10-06","1936","10","06","","0.6","","-7.8","","-3.6","","21.6","","0.0","","0.0","","0.0","","0.0","","","","","","",""
"-77.98","72.68","POND INLET","2403200","1936-10-07","1936","10","07","","0.0","","-5.0","","-2.5","","20.5","","0.0","","0.0","","0.0","","0.0","","","","","","",""
"-77.98","72.68","POND INLET","2403200","1936-10-08","1936","10","08","","-1.7","","-3.9","","-2.8","","20.8","","0.0","","0.0","","0.0","","0.0","","","","","","",""
"-77.98","72.68","POND INLET","2403200","1936-10-09","1936","10","09","","-7.2","","-10.6","","-8.9","","26.9","","0.0","","0.0","","1.3","","1.3","","","","","","",""
"-77.98","72.68","POND INLET","2403200","1936-10-10","1936","10","10","","-6.7","","-10.0","","-8.4","","26.4","","0.0","","0.0","","0.0","","0.0","","","","","","",""
"-77.98","72.68","POND INLET","2403200","1936-10-11","1936","10","11","","-8.9","","-13.3","","-11.1","","29.1","","0.0","","0.0","","1.3","","1.3","","","","","","",""
"-77.98","72.68","POND INLET","2403200","1936-10-12","1936","10","12","","-10.6","","-13.9","","-12.3","","30.3","","0.0","","0.0","","0.0","","0.0","","","","","","",""
"-77.98","72.68","POND INLET","2403200","1936-10-13","1936","10","13","","-6.7","","-15.6","","-11.2","","29.2","","0.0","","0.0","","0.0","C","0.0","C","","","","","",""
"-77.98","72.68","POND INLET","2403200","1936-10-14","1936","10","14","","-8.3","","-10.6","","-9.5","","27.5","","0.0","","0.0","","2.5","A","2.5","A","","","","","",""
"-77.98","72.68","POND INLET","2403200","1936-10-15","1936","10","15","","-11.1","","-14.4","","-12.8","","30.8","","0.0","","0.0","","0.0","","0.0","","","","","","",""
"-77.98","72.68","POND INLET","2403200","1936-10-16","1936","10","16","","-11.1","","-15.0","","-13.1","","31.1","","0.0","","0.0","","0.0","","0.0","","","","","","",""
"-77.98","72.68","POND INLET","2403200","1936-10-17","1936","10","17","","-11.1","","-15.0","","-13.1","","31.1","","0.0","","0.0","","0.0","","0.0","","","","","","",""
"-77.98","72.68","POND INLET","2403200","1936-10-18","1936","10","18","","-12.2","","-14.4","","-13.3","","31.3","","0.0","","0.0","","0.0","","0.0","","","","","","",""
"-77.98","72.68","POND INLET","2403200","1936-10-19","1936","10","19","","-12.8","","-14.4","","-13.6","","31.6","","0.0","","0.0","","0.0","","0.0","","","","","","",""
"-77.98","72.68","POND INLET","2403200","1936-10-20","1936","10","20","","-12.2","","-17.8","","-15.0","","33.0","","0.0","","0.0","","0.0","","0.0","","","","","","",""
"-77.98","72.68","POND INLET","2403200","1936-10-21","1936","10","21","","-12.2","","-16.7","","-14.5","","32.5","","0.0","","0.0","","0.0","","0.0","","","","","","",""
"-77.98","72.68","POND INLET","2403200","1936-10-22","1936","10","22","","-13.3","","-17.2","","-15.3","","33.3","","0.0","","0.0","","0.0","","0.0","","","","","","",""
"-77.98","72.68","POND INLET","2403200","1936-10-23","1936","10","23","","-17.2","","-21.1","","-19.2","","37.2","","0.0","","0.0","","0.0","C","0.0","C","","","","","",""
"-77.98","72.68","POND INLET","2403200","1936-10-24","1936","10","24","","-16.1","","-20.0","","-18.1","","36.1","","0.0","","0.0","","2.5","A","2.5","A","","","","","",""
"-77.98","72.68","POND INLET","2403200","1936-10-25","1936","10","25","","-15.6","","-20.0","","-17.8","","35.8","","0.0","","0.0","","0.0","","0.0","","","","","","",""
"-77.98","72.68","POND INLET","2403200","1936-10-26","1936","10","26","","-12.8","","-18.9","","-15.9","","33.9","","0.0","","0.0","","0.0","","0.0","","","","","","",""
"-77.98","72.68","POND INLET","2403200","1936-10-27","1936","10","27","","-13.3","","-16.1","","-14.7","","32.7","","0.0","","0.0","","0.0","","0.0","","","","","","",""
"-77.98","72.68","POND INLET","2403200","1936-10-28","1936","10","28","","-12.2","","-16.7","","-14.5","","32.5","","0.0","","0.0","","0.0","","0.0","","","","","","",""
"-77.98","72.68","POND INLET","2403200","1936-10-29","1936","10","29","","-17.2","","-20.6","","-18.9","","36.9","","0.0","","0.0","","0.0","","0.0","","","","","","",""
"-77.98","72.68","POND INLET","2403200","1936-10-30","1936","10","30","","-19.4","","-23.9","","-21.7","","39.7","","0.0","","0.0","","0.0","","0.0","","","","","","",""
"-77.98","72.68","POND INLET","2403200","1936-10-31","1936","10","31","","-17.2","","-25.0","","-21.1","","39.1","","0.0","","0.0","","0.0","","0.0","","","","","","",""
"-77.98","72.68","POND INLET","2403200","1936-11-01","1936","11","01","","-5.0","","-23.9","","-14.5","","32.5","","0.0","","0.0","","0.0","","0.0","","","","","","",""
"-77.98","72.68","POND INLET","2403200","1936-11-02","1936","11","02","","-12.2","","-18.3","","-15.3","","33.3","","0.0","","0.0","","0.0","","0.0","","","","","","",""
"-77.98","72.68","POND INLET","2403200","1936-11-03","1936","11","03","","-13.9","","-18.9","","-16.4","","34.4","","0.0","","0.0","","0.0","","0.0","","","","","","",""
"-77.98","72.68","POND INLET","2403200","1936-11-04","1936","11","04","","-18.3","","-21.1","","-19.7","","37.7","","0.0","","0.0","","1.3","","1.3","","","","","","",""
"-77.98","72.68","POND INLET","2403200","1936-11-05","1936","11","05","","-13.3","","-20.6","","-17.0","","35.0","","0.0","","0.0","","0.0","","0.0","","","","","","",""
"-77.98","72.68","POND INLET","2403200","1936-11-06","1936","11","06","","-13.3","","-18.9","","-16.1","","34.1","","0.0","","0.0","","0.8","","0.8","","","","","","",""
"-77.98","72.68","POND INLET","2403200","1936-11-07","1936","11","07","","-11.7","","-19.4","","-15.6","","33.6","","0.0","","0.0","","2.5","","2.5","","","","","","",""
"-77.98","72.68","POND INLET","2403200","1936-11-08","1936","11","08","","-10.6","","-17.8","","-14.2","","32.2","","0.0","","0.0","","0.0","","0.0","","","","","","",""
"-77.98","72.68","POND INLET","2403200","1936-11-09","1936","11","09","","-17.8","","-23.9","","-20.9","","38.9","","0.0","","0.0","","2.5","","2.5","","","","","","",""
"-77.98","72.68","POND INLET","2403200","1936-11-10","1936","11","10","","-18.9","","-27.8","","-23.4","","41.4","","0.0","","0.0","","0.0","","0.0","","","","","","",""
"-77.98","72.68","POND INLET","2403200","1936-11-11","1936","11","11","","-18.9","","-24.4","","-21.7","","39.7","","0.0","","0.0","","1.3","","1.3","","","","","","",""
"-77.98","72.68","POND INLET","2403200","1936-11-12","1936","11","12","","-24.4","","-29.4","","-26.9","","44.9","","0.0","","0.0","","0.0","","0.0","","","","","","",""
"-77.98","72.68","POND INLET","2403200","1936-11-13","1936","11","13","","-28.9","","-31.1","","-30.0","","48.0","","0.0","","0.0","","0.0","","0.0","","","","","","",""
"-77.98","72.68","POND INLET","2403200","1936-11-14","1936","11","14","","-29.4","","-32.2","","-30.8","","48.8","","0.0","","0.0","","0.0","","0.0","","","","","","",""
"-77.98","72.68","POND INLET","2403200","1936-11-15","1936","11","15","","-29.4","","-33.9","","-31.7","","49.7","","0.0","","0.0","","0.0","","0.0","","","","","","",""
"-77.98","72.68","POND INLET","2403200","1936-11-16","1936","11","16","","-29.4","","-33.3","","-31.4","","49.4","","0.0","","0.0","","0.0","","0.0","","","","","","",""
"-77.98","72.68","POND INLET","2403200","1936-11-17","1936","11","17","","-26.1","","-33.9","","-30.0","","48.0","","0.0","","0.0","","0.0","","0.0","","","","","","",""
"-77.98","72.68","POND INLET","2403200","1936-11-18","1936","11","18","","-19.4","","-32.2","","-25.8","","43.8","","0.0","","0.0","","0.0","","0.0","","","","","","",""
"-77.98","72.68","POND INLET","2403200","1936-11-19","1936","11","19","","-23.9","","-30.0","","-27.0","","45.0","","0.0","","0.0","","2.5","","2.5","","","","","","",""
"-77.98","72.68","POND INLET","2403200","1936-11-20","1936","11","20","","-23.9","","-30.6","","-27.3","","45.3","","0.0","","0.0","","0.0","","0.0","","","","","","",""
"-77.98","72.68","POND INLET","2403200","1936-11-21","1936","11","21","","-23.3","","-32.2","","-27.8","","45.8","","0.0","","0.0","","0.0","","0.0","","","","","","",""
"-77.98","72.68","POND INLET","2403200","1936-11-22","1936","11","22","","-23.9","","-28.9","","-26.4","","44.4","","0.0","","0.0","","0.0","","0.0","","","","","","",""
"-77.98","72.68","POND INLET","2403200","1936-11-23","1936","11","23","","-26.7","","-34.4","","-30.6","","48.6","","0.0","","0.0","","0.0","","0.0","","","","","","",""
"-77.98","72.68","POND INLET","2403200","1936-11-24","1936","11","24","","-16.1","","-34.4","","-25.3","","43.3","","0.0","","0.0","","0.0","","0.0","","","","","","",""
"-77.98","72.68","POND INLET","2403200","1936-11-25","1936","11","25","","-16.1","","-22.8","","-19.5","","37.5","","0.0","","0.0","","0.0","","0.0","","","","","","",""
"-77.98","72.68","POND INLET","2403200","1936-11-26","1936","11","26","","-22.2","","-27.8","","-25.0","","43.0","","0.0","","0.0","","0.0","","0.0","","","","","","",""
"-77.98","72.68","POND INLET","2403200","1936-11-27","1936","11","27","","-20.6","","-26.1","","-23.4","","41.4","","0.0","","0.0","","0.0","","0.0","","","","","","",""
"-77.98","72.68","POND INLET","2403200","1936-11-28","1936","11","28","","-21.1","","-23.9","","-22.5","","40.5","","0.0","","0.0","","0.0","","0.0","","","","","","",""
"-77.98","72.68","POND INLET","2403200","1936-11-29","1936","11","29","","-23.9","","-26.7","","-25.3","","43.3","","0.0","","0.0","","0.0","","0.0","","","","","","",""
"-77.98","72.68","POND INLET","2403200","1936-11-30","1936","11","30","","-27.8","","-33.3","","-30.6","","48.6","","0.0","","0.0","","0.0","","0.0","","","","","","",""
"-77.98","72.68","POND INLET","2403200","1936-12-01","1936","12","01","","-26.7","","-32.8","","-29.8","","47.8","","0.0","","0.0","","0.0","","0.0","","","","","","",""
"-77.98","72.68","POND INLET","2403200","1936-12-02","1936","12","02","","-18.3","","-32.8","","-25.6","","43.6","","0.0","","0.0","","0.0","","0.0","","","","","","",""
"-77.98","72.68","POND INLET","2403200","1936-12-03","1936","12","03","","-18.9","","-26.7","","-22.8","","40.8","","0.0","","0.0","","0.8","","0.8","","","","","","",""
"-77.98","72.68","POND INLET","2403200","1936-12-04","1936","12","04","","-30.0","","-33.9","","-32.0","","50.0","","0.0","","0.0","","0.0","","0.0","","","","","","",""
"-77.98","72.68","POND INLET","2403200","1936-12-05","1936","12","05","","-32.2","","-37.8","","-35.0","","53.0","","0.0","","0.0","","0.0","","0.0","","","","","","",""
"-77.98","72.68","POND INLET","2403200","1936-12-06","1936","12","06","","-33.3","","-40.6","","-37.0","","55.0","","0.0","","0.0","","0.0","","0.0","","","","","","",""
"-77.98","72.68","POND INLET","2403200","1936-12-07","1936","12","07","","-31.1","","-39.4","","-35.3","","53.3","","0.0","","0.0","","0.0","","0.0","","","","","","",""
"-77.98","72.68","POND INLET","2403200","1936-12-08","1936","12","08","","-28.3","","-38.9","","-33.6","","51.6","","0.0","","0.0","","0.0","","0.0","","","","","","",""
"-77.98","72.68","POND INLET","2403200","1936-12-09","1936","12","09","","-25.0","","-37.8","","-31.4","","49.4","","0.0","","0.0","","0.0","","0.0","","","","","","",""
"-77.98","72.68","POND INLET","2403200","1936-12-10","1936","12","10","","-20.6","","-33.9","","-27.3","","45.3","","0.0","","0.0","","0.0","","0.0","","","","","","",""
"-77.98","72.68","POND INLET","2403200","1936-12-11","1936","12","11","","-21.1","","-22.8","","-22.0","","40.0","","0.0","","0.0","","1.3","","1.3","","","","","","",""
"-77.98","72.68","POND INLET","2403200","1936-12-12","1936","12","12","","-27.8","","-36.1","","-32.0","","50.0","","0.0","","0.0","","0.0","","0.0","","","","","","",""
"-77.98","72.68","POND INLET","2403200","1936-12-13","1936","12","13","","-25.0","","-36.7","","-30.9","","48.9","","0.0","","0.0","","0.0","","0.0","","","","","","",""
"-77.98","72.68","POND INLET","2403200","1936-12-14","1936","12","14","","-26.1","","-30.0","","-28.1","","46.1","","0.0","","0.0","","0.0","","0.0","","","","","","",""
"-77.98","72.68","POND INLET","2403200","1936-12-15","1936","12","15","","-27.8","","-31.7","","-29.8","","47.8","","0.0","","0.0","","0.0","","0.0","","","","","","",""
"-77.98","72.68","POND INLET","2403200","1936-12-16","1936","12","16","","-28.3","","-36.1","","-32.2","","50.2","","0.0","","0.0","","0.0","","0.0","","","","","","",""
"-77.98","72.68","POND INLET","2403200","1936-12-17","1936","12","17","","-24.4","","-36.1","","-30.3","","48.3","","0.0","","0.0","","0.0","","0.0","","","","","","",""
"-77.98","72.68","POND INLET","2403200","1936-12-18","1936","12","18","","-21.7","","-31.7","","-26.7","","44.7","","0.0","","0.0","","0.0","","0.0","","","","","","",""
"-77.98","72.68","POND INLET","2403200","1936-12-19","1936","12","19","","-21.1","","-27.2","","-24.2","","42.2","","0.0","","0.0","","0.0","","0.0","","","","","","",""
"-77.98","72.68","POND INLET","2403200","1936-12-20","1936","12","20","","-23.9","","-37.8","","-30.9","","48.9","","0.0","","0.0","","0.0","","0.0","","","","","","",""
"-77.98","72.68","POND INLET","2403200","1936-12-21","1936","12","21","","-33.3","","-40.0","","-36.7","","54.7","","0.0","","0.0","","0.0","","0.0","","","","","","",""
"-77.98","72.68","POND INLET","2403200","1936-12-22","1936","12","22","","-29.4","","-40.6","","-35.0","","53.0","","0.0","","0.0","","0.0","","0.0","","","","","","",""
"-77.98","72.68","POND INLET","2403200","1936-12-23","1936","12","23","","-33.3","","-35.6","","-34.5","","52.5","","0.0","","0.0","","0.0","","0.0","","","","","","",""
"-77.98","72.68","POND INLET","2403200","1936-12-24","1936","12","24","","-31.7","","-38.3","","-35.0","","53.0","","0.0","","0.0","","0.0","","0.0","","","","","","",""
"-77.98","72.68","POND INLET","2403200","1936-12-25","1936","12","25","","-32.2","","-36.7","","-34.5","","52.5","","0.0","","0.0","","0.0","","0.0","","","","","","",""
"-77.98","72.68","POND INLET","2403200","1936-12-26","1936","12","26","","-25.6","","-41.1","","-33.4","","51.4","","0.0","","0.0","","0.0","","0.0","","","","","","",""
"-77.98","72.68","POND INLET","2403200","1936-12-27","1936","12","27","","-25.6","","-36.1","","-30.9","","48.9","","0.0","","0.0","","2.5","","2.5","","","","","","",""
"-77.98","72.68","POND INLET","2403200","1936-12-28","1936","12","28","","-30.0","","-37.2","","-33.6","","51.6","","0.0","","0.0","","0.0","","0.0","","","","","","",""
"-77.98","72.68","POND INLET","2403200","1936-12-29","1936","12","29","","","M","-42.8","","","M","","M","","M","0.0","","0.0","","0.0","","","","","","",""
"-77.98","72.68","POND INLET","2403200","1936-12-30","1936","12","30","","","M","-43.3","","","M","","M","","M","0.0","","0.0","","0.0","","","","","","",""
"-77.98","72.68","POND INLET","2403200","1936-12-31","1936","12","31","","","M","-45.6","","","M","","M","","M","0.0","","0.0","","0.0","","","","","","",""
