"Longitude (x)","Latitude (y)","Station Name","Climate ID","Date/Time","Year","Month","Day","Data Quality","Max Temp (°C)","Max Temp Flag","Min Temp (°C)","Min Temp Flag","Mean Temp (°C)","Mean Temp Flag","Heat Deg Days (°C)","Heat Deg Days Flag","Cool Deg Days (°C)","Cool Deg Days Flag","Total Rain (mm)","Total Rain Flag","Total Snow (cm)","Total Snow Flag","Total Precip (mm)","Total Precip Flag","Snow on Grnd (cm)","Snow on Grnd Flag","Dir of Max Gust (10s deg)","Dir of Max Gust Flag","Spd of Max Gust (km/h)","Spd of Max Gust Flag"
"-116.52","49.10","CRESTON","1142160","2021-01-01","2021","01","01","†","2.0","","-1.0","","0.5","","17.5","","0.0","","7.2","","0.0","","7.2","","4","","","","",""
"-116.52","49.10","CRESTON","1142160","2021-01-02","2021","01","02","†","5.0","","0.0","","2.5","","15.5","","0.0","","6.8","","0.0","","6.8","","1","","","","",""
"-116.52","49.10","CRESTON","1142160","2021-01-03","2021","01","03","†","6.0","","1.0","","3.5","","14.5","","0.0","","0.0","","0.0","","0.0","","0","","","","",""
"-116.52","49.10","CRESTON","1142160","2021-01-04","2021","01","04","†","4.0","","0.0","","2.0","","16.0","","0.0","","6.8","","1.0","","7.8","","0","","","","",""
"-116.52","49.10","CRESTON","1142160","2021-01-05","2021","01","05","†","4.0","","0.0","","2.0","","16.0","","0.0","","3.0","","2.0","","5.0","","1","","","","",""
"-116.52","49.10","CRESTON","1142160","2021-01-06","2021","01","06","†","3.0","","0.0","","1.5","","16.5","","0.0","","5.6","","0.0","","5.6","","2","","","","",""
"-116.52","49.10","CRESTON","1142160","2021-01-07","2021","01","07","†","6.0","","0.0","","3.0","","15.0","","0.0","","0.0","","0.0","","0.0","","0","","","","",""
"-116.52","49.10","CRESTON","1142160","2021-01-08","2021","01","08","†","3.0","","-1.0","","1.0","","17.0","","0.0","","0.0","","0.0","","0.0","","0","","","","",""
"-116.52","49.10","CRESTON","1142160","2021-01-09","2021","01","09","†","0.5","","-3.0","","-1.3","","19.3","","0.0","","0.0","","0.0","","0.0","","0","","","","",""
"-116.52","49.10","CRESTON","1142160","2021-01-10","2021","01","10","†","2.0","","-2.0","","0.0","","18.0","","0.0","","0.0","","0.0","","0.0","","0","","","","",""
"-116.52","49.10","CRESTON","1142160","2021-01-11","2021","01","11","†","4.0","","-1.0","","1.5","","16.5","","0.0","","3.6","","2.0","","5.6","","0","","","","",""
"-116.52","49.10","CRESTON","1142160","2021-01-12","2021","01","12","†","9.0","","0.0","","4.5","","13.5","","0.0","","25.2","","2.0","","27.2","","2","","","","",""
"-116.52","49.10","CRESTON","1142160","2021-01-13","2021","01","13","†","9.0","","0.0","","4.5","","13.5","","0.0","","0.0","","0.0","","0.0","","0","","","","",""
"-116.52","49.10","CRESTON","1142160","2021-01-14","2021","01","14","†","5.0","","-3.0","","1.0","","17.0","","0.0","","0.0","","0.0","","0.0","","0","","","","",""
"-116.52","49.10","CRESTON","1142160","2021-01-15","2021","01","15","†","4.0","","-4.0","","0.0","","18.0","","0.0","","0.0","","0.0","","0.0","","0","","","","",""
"-116.52","49.10","CRESTON","1142160","2021-01-16","2021","01","16","†","2.0","","-5.0","","-1.5","","19.5","","0.0","","0.0","","3.0","","3.0","","0","","","","",""
"-116.52","49.10","CRESTON","1142160","2021-01-17","2021","01","17","†","4.5","","-2.0","","1.3","","16.7","","0.0","","0.0","","0.0","","0.0","","3","","","","",""
"-116.52","49.10","CRESTON","1142160","2021-01-18","2021","01","18","†","2.0","","-1.0","","0.5","","17.5","","0.0","","0.0","","0.0","","0.0","","0","","","","",""
"-116.52","49.10","CRESTON","1142160","2021-01-19","2021","01","19","†","2.0","","-2.0","","0.0","","18.0","","0.0","","0.0","","0.0","","0.0","","0","","","","",""
"-116.52","49.10","CRESTON","1142160","2021-01-20","2021","01","20","†","0.0","","-4.0","","-2.0","","20.0","","0.0","","0.0","","0.0","","0.0","","0","","","","",""
"-116.52","49.10","CRESTON","1142160","2021-01-21","2021","01","21","†","3.0","","-5.0","","-1.0","","19.0","","0.0","","0.0","","0.0","","0.0","","0","","","","",""
"-116.52","49.10","CRESTON","1142160","2021-01-22","2021","01","22","†","0.0","","-7.0","","-3.5","","21.5","","0.0","","0.0","","0.0","","0.0","","0","","","","",""
"-116.52","49.10","CRESTON","1142160","2021-01-23","2021","01","23","†","-3.0","","-8.0","","-5.5","","23.5","","0.0","","0.0","","0.0","","0.0","","0","","","","",""
"-116.52","49.10","CRESTON","1142160","2021-01-24","2021","01","24","†","-1.0","","-9.0","","-5.0","","23.0","","0.0","","0.0","","0.0","T","0.0","T","0","","","","",""
"-116.52","49.10","CRESTON","1142160","2021-01-25","2021","01","25","†","0.0","","-6.0","","-3.0","","21.0","","0.0","","0.0","","4.0","","4.0","","0","T","","","",""
"-116.52","49.10","CRESTON","1142160","2021-01-26","2021","01","26","†","-1.0","","-6.0","","-3.5","","21.5","","0.0","","0.0","","0.0","","0.0","","4","","","","",""
"-116.52","49.10","CRESTON","1142160","2021-01-27","2021","01","27","†","-1.0","","-5.0","","-3.0","","21.0","","0.0","","0.0","","8.0","","8.0","","1","","","","",""
"-116.52","49.10","CRESTON","1142160","2021-01-28","2021","01","28","†","2.0","","-2.0","","0.0","","18.0","","0.0","","0.0","","3.0","","3.0","","9","","","","",""
"-116.52","49.10","CRESTON","1142160","2021-01-29","2021","01","29","†","2.0","","-5.0","","-1.5","","19.5","","0.0","","3.0","","7.0","","10.0","","9","","","","",""
"-116.52","49.10","CRESTON","1142160","2021-01-30","2021","01","30","†","3.0","","-5.0","","-1.0","","19.0","","0.0","","2.4","","0.0","","2.4","","11","","","","",""
"-116.52","49.10","CRESTON","1142160","2021-01-31","2021","01","31","†","2.0","","-1.0","","0.5","","17.5","","0.0","","4.8","","0.0","","4.8","","5","","","","",""
"-116.52","49.10","CRESTON","1142160","2021-02-01","2021","02","01","†","3.0","","0.0","","1.5","","16.5","","0.0","","3.8","","0.0","","3.8","","4","","","","",""
"-116.52","49.10","CRESTON","1142160","2021-02-02","2021","02","02","†","7.0","","1.0","","4.0","","14.0","","0.0","","1.6","","0.0","","1.6","","0","","","","",""
"-116.52","49.10","CRESTON","1142160","2021-02-03","2021","02","03","†","8.0","","1.0","","4.5","","13.5","","0.0","","0.0","","0.0","","0.0","","0","","","","",""
"-116.52","49.10","CRESTON","1142160","2021-02-04","2021","02","04","†","5.0","","-4.0","","0.5","","17.5","","0.0","","0.0","","4.0","","4.0","","0","","","","",""
"-116.52","49.10","CRESTON","1142160","2021-02-05","2021","02","05","†","8.0","","0.0","","4.0","","14.0","","0.0","","1.8","","0.0","T","1.8","","4","","","","",""
"-116.52","49.10","CRESTON","1142160","2021-02-06","2021","02","06","†","3.5","","-3.0","","0.3","","17.7","","0.0","","0.0","","0.0","","0.0","","0","T","","","",""
"-116.52","49.10","CRESTON","1142160","2021-02-07","2021","02","07","†","4.0","","-4.0","","0.0","","18.0","","0.0","","0.0","","0.0","","0.0","","0","","","","",""
"-116.52","49.10","CRESTON","1142160","2021-02-08","2021","02","08","†","2.0","","-6.0","","-2.0","","20.0","","0.0","","0.0","","0.0","","0.0","","0","","","","",""
"-116.52","49.10","CRESTON","1142160","2021-02-09","2021","02","09","†","-4.0","","-14.0","","-9.0","","27.0","","0.0","","0.0","","0.0","","0.0","","0","","","","",""
"-116.52","49.10","CRESTON","1142160","2021-02-10","2021","02","10","†","-3.0","","-13.0","","-8.0","","26.0","","0.0","","0.0","","0.0","","0.0","","0","","","","",""
"-116.52","49.10","CRESTON","1142160","2021-02-11","2021","02","11","†","-7.0","","-13.0","","-10.0","","28.0","","0.0","","0.0","","0.0","","0.0","","0","","","","",""
"-116.52","49.10","CRESTON","1142160","2021-02-12","2021","02","12","†","-5.0","","-18.0","","-11.5","","29.5","","0.0","","0.0","","0.0","","0.0","","0","","","","",""
"-116.52","49.10","CRESTON","1142160","2021-02-13","2021","02","13","†","-3.0","","-15.0","","-9.0","","27.0","","0.0","","0.0","","0.0","","0.0","","0","","","","",""
"-116.52","49.10","CRESTON","1142160","2021-02-14","2021","02","14","†","-4.0","","-12.0","","-8.0","","26.0","","0.0","","0.0","","0.0","T","0.0","T","0","","","","",""
"-116.52","49.10","CRESTON","1142160","2021-02-15","2021","02","15","†","-4.0","","-9.0","","-6.5","","24.5","","0.0","","0.0","","1.0","","1.0","","0","T","","","",""
"-116.52","49.10","CRESTON","1142160","2021-02-16","2021","02","16","†","0.0","","-6.0","","-3.0","","21.0","","0.0","","0.0","","0.0","","0.0","","1","","","","",""
"-116.52","49.10","CRESTON","1142160","2021-02-17","2021","02","17","†","3.0","","-6.0","","-1.5","","19.5","","0.0","","0.0","","0.0","","0.0","","0","T","","","",""
"-116.52","49.10","CRESTON","1142160","2021-02-18","2021","02","18","†","2.5","","-9.0","","-3.3","","21.3","","0.0","","0.0","","4.0","","4.0","","0","","","","",""
"-116.52","49.10","CRESTON","1142160","2021-02-19","2021","02","19","†","5.0","","-4.0","","0.5","","17.5","","0.0","","0.0","","0.0","","0.0","","4","","","","",""
"-116.52","49.10","CRESTON","1142160","2021-02-20","2021","02","20","†","8.0","","-3.0","","2.5","","15.5","","0.0","","0.0","","0.0","","0.0","","0","","","","",""
"-116.52","49.10","CRESTON","1142160","2021-02-21","2021","02","21","†","7.0","","0.0","","3.5","","14.5","","0.0","","2.0","","0.0","","2.0","","0","","","","",""
"-116.52","49.10","CRESTON","1142160","2021-02-22","2021","02","22","†","8.0","","5.0","","6.5","","11.5","","0.0","","1.0","","0.0","T","1.0","","0","","","","",""
"-116.52","49.10","CRESTON","1142160","2021-02-23","2021","02","23","†","7.0","","0.0","","3.5","","14.5","","0.0","","0.0","","0.0","","0.0","","0","T","","","",""
"-116.52","49.10","CRESTON","1142160","2021-02-24","2021","02","24","†","6.0","","-5.0","","0.5","","17.5","","0.0","","0.0","","3.0","","3.0","","0","","","","",""
"-116.52","49.10","CRESTON","1142160","2021-02-25","2021","02","25","†","4.0","","-1.0","","1.5","","16.5","","0.0","","0.0","T","1.0","","1.0","","3","","","","",""
"-116.52","49.10","CRESTON","1142160","2021-02-26","2021","02","26","†","7.0","","-2.0","","2.5","","15.5","","0.0","","2.0","","0.0","","2.0","","0","T","","","",""
"-116.52","49.10","CRESTON","1142160","2021-02-27","2021","02","27","†","7.0","","-5.0","","1.0","","17.0","","0.0","","0.0","","0.0","","0.0","","0","","","","",""
"-116.52","49.10","CRESTON","1142160","2021-02-28","2021","02","28","†","4.0","","-3.0","","0.5","","17.5","","0.0","","0.0","","0.0","","0.0","","0","","","","",""
"-116.52","49.10","CRESTON","1142160","2021-03-01","2021","03","01","†","10.5","","2.0","","6.3","","11.7","","0.0","","0.0","","0.0","","0.0","","0","","","","",""
"-116.52","49.10","CRESTON","1142160","2021-03-02","2021","03","02","†","12.0","","1.0","","6.5","","11.5","","0.0","","0.0","","0.0","","0.0","","0","","","","",""
"-116.52","49.10","CRESTON","1142160","2021-03-03","2021","03","03","†","15.0","","0.0","","7.5","","10.5","","0.0","","0.0","","0.0","","0.0","","0","","","","",""
"-116.52","49.10","CRESTON","1142160","2021-03-04","2021","03","04","†","14.0","","-2.0","","6.0","","12.0","","0.0","","0.0","","0.0","","0.0","","0","","","","",""
"-116.52","49.10","CRESTON","1142160","2021-03-05","2021","03","05","†","14.0","","-2.0","","6.0","","12.0","","0.0","","0.0","","0.0","","0.0","","0","","","","",""
"-116.52","49.10","CRESTON","1142160","2021-03-06","2021","03","06","†","11.0","","0.0","","5.5","","12.5","","0.0","","1.0","","0.0","","1.0","","0","","","","",""
"-116.52","49.10","CRESTON","1142160","2021-03-07","2021","03","07","†","9.0","","1.0","","5.0","","13.0","","0.0","","0.4","","0.0","","0.4","","0","","","","",""
"-116.52","49.10","CRESTON","1142160","2021-03-08","2021","03","08","†","8.0","","-4.0","","2.0","","16.0","","0.0","","0.0","","0.0","","0.0","","0","","","","",""
"-116.52","49.10","CRESTON","1142160","2021-03-09","2021","03","09","†","9.0","","-4.0","","2.5","","15.5","","0.0","","0.0","","0.0","","0.0","","0","","","","",""
"-116.52","49.10","CRESTON","1142160","2021-03-10","2021","03","10","†","8.0","","-3.0","","2.5","","15.5","","0.0","","0.0","","0.0","","0.0","","0","","","","",""
"-116.52","49.10","CRESTON","1142160","2021-03-11","2021","03","11","†","9.0","","-5.0","","2.0","","16.0","","0.0","","0.0","","0.0","","0.0","","0","","","","",""
"-116.52","49.10","CRESTON","1142160","2021-03-12","2021","03","12","†","10.0","","-5.0","","2.5","","15.5","","0.0","","0.0","","0.0","","0.0","","0","","","","",""
"-116.52","49.10","CRESTON","1142160","2021-03-13","2021","03","13","†","15.0","","-3.0","","6.0","","12.0","","0.0","","0.0","","0.0","","0.0","","0","","","","",""
"-116.52","49.10","CRESTON","1142160","2021-03-14","2021","03","14","†","15.0","","-3.0","","6.0","","12.0","","0.0","","0.0","","0.0","","0.0","","0","","","","",""
"-116.52","49.10","CRESTON","1142160","2021-03-15","2021","03","15","†","15.0","","2.0","","8.5","","9.5","","0.0","","0.0","","0.0","","0.0","","0","","","","",""
"-116.52","49.10","CRESTON","1142160","2021-03-16","2021","03","16","†","13.0","","-1.0","","6.0","","12.0","","0.0","","0.0","","0.0","","0.0","","0","","","","",""
"-116.52","49.10","CRESTON","1142160","2021-03-17","2021","03","17","†","14.0","","-3.0","","5.5","","12.5","","0.0","","0.0","","0.0","","0.0","","0","","","","",""
"-116.52","49.10","CRESTON","1142160","2021-03-18","2021","03","18","†","17.0","","-1.0","","8.0","","10.0","","0.0","","0.0","","0.0","","0.0","","0","","","","",""
"-116.52","49.10","CRESTON","1142160","2021-03-19","2021","03","19","†","14.0","","5.0","","9.5","","8.5","","0.0","","0.0","T","0.0","","0.0","T","0","","","","",""
"-116.52","49.10","CRESTON","1142160","2021-03-20","2021","03","20","†","10.5","","2.0","","6.3","","11.7","","0.0","","0.6","","0.0","","0.6","","0","","","","",""
"-116.52","49.10","CRESTON","1142160","2021-03-21","2021","03","21","†","9.0","","0.0","","4.5","","13.5","","0.0","","0.0","","0.0","","0.0","","0","","","","",""
"-116.52","49.10","CRESTON","1142160","2021-03-22","2021","03","22","†","7.0","","2.0","","4.5","","13.5","","0.0","","0.6","","0.0","","0.6","","0","","","","",""
"-116.52","49.10","CRESTON","1142160","2021-03-23","2021","03","23","†","12.0","","-2.0","","5.0","","13.0","","0.0","","0.0","","0.0","","0.0","","0","","","","",""
"-116.52","49.10","CRESTON","1142160","2021-03-24","2021","03","24","†","10.0","","2.0","","6.0","","12.0","","0.0","","0.0","","0.0","","0.0","","0","","","","",""
"-116.52","49.10","CRESTON","1142160","2021-03-25","2021","03","25","†","12.0","","1.0","","6.5","","11.5","","0.0","","0.0","","0.0","","0.0","","0","","","","",""
"-116.52","49.10","CRESTON","1142160","2021-03-26","2021","03","26","†","12.0","","-1.0","","5.5","","12.5","","0.0","","0.0","","0.0","","0.0","","0","","","","",""
"-116.52","49.10","CRESTON","1142160","2021-03-27","2021","03","27","†","14.0","","2.0","","8.0","","10.0","","0.0","","0.0","","0.0","","0.0","","0","","","","",""
"-116.52","49.10","CRESTON","1142160","2021-03-28","2021","03","28","†","12.0","","5.0","","8.5","","9.5","","0.0","","3.0","","0.0","","3.0","","0","","","","",""
"-116.52","49.10","CRESTON","1142160","2021-03-29","2021","03","29","†","7.0","","1.0","","4.0","","14.0","","0.0","","0.0","","0.0","","0.0","","0","","","","",""
"-116.52","49.10","CRESTON","1142160","2021-03-30","2021","03","30","†","9.0","","-5.0","","2.0","","16.0","","0.0","","0.0","","0.0","","0.0","","0","","","","",""
"-116.52","49.10","CRESTON","1142160","2021-03-31","2021","03","31","†","15.0","","-3.0","","6.0","","12.0","","0.0","","0.0","","0.0","","0.0","","0","","","","",""
"-116.52","49.10","CRESTON","1142160","2021-04-01","2021","04","01","†","17.0","","-1.0","","8.0","","10.0","","0.0","","0.0","","0.0","","0.0","","0","","","","",""
"-116.52","49.10","CRESTON","1142160","2021-04-02","2021","04","02","†","18.5","","0.0","","9.3","","8.7","","0.0","","0.0","","0.0","","0.0","","0","","","","",""
"-116.52","49.10","CRESTON","1142160","2021-04-03","2021","04","03","†","18.0","","1.0","","9.5","","8.5","","0.0","","0.0","","0.0","","0.0","","0","","","","",""
"-116.52","49.10","CRESTON","1142160","2021-04-04","2021","04","04","†","11.0","","6.0","","8.5","","9.5","","0.0","","2.6","","0.0","","2.6","","0","","","","",""
"-116.52","49.10","CRESTON","1142160","2021-04-05","2021","04","05","†","15.0","","-2.0","","6.5","","11.5","","0.0","","0.0","","0.0","","0.0","","0","","","","",""
"-116.52","49.10","CRESTON","1142160","2021-04-06","2021","04","06","†","17.0","","-2.0","","7.5","","10.5","","0.0","","0.0","","0.0","","0.0","","0","","","","",""
"-116.52","49.10","CRESTON","1142160","2021-04-07","2021","04","07","†","15.0","","1.0","","8.0","","10.0","","0.0","","1.4","","0.0","","1.4","","0","","","","",""
"-116.52","49.10","CRESTON","1142160","2021-04-08","2021","04","08","†","13.0","","3.0","","8.0","","10.0","","0.0","","0.0","","0.0","","0.0","","0","","","","",""
"-116.52","49.10","CRESTON","1142160","2021-04-09","2021","04","09","†","13.0","","-2.0","","5.5","","12.5","","0.0","","0.0","","0.0","","0.0","","0","","","","",""
"-116.52","49.10","CRESTON","1142160","2021-04-10","2021","04","10","†","6.0","","1.0","","3.5","","14.5","","0.0","","1.0","","0.0","","1.0","","0","","","","",""
"-116.52","49.10","CRESTON","1142160","2021-04-11","2021","04","11","†","10.0","","-2.0","","4.0","","14.0","","0.0","","0.0","","0.0","","0.0","","0","","","","",""
"-116.52","49.10","CRESTON","1142160","2021-04-12","2021","04","12","†","10.0","","-2.0","","4.0","","14.0","","0.0","","0.0","","0.0","","0.0","","0","","","","",""
"-116.52","49.10","CRESTON","1142160","2021-04-13","2021","04","13","†","15.0","","-1.0","","7.0","","11.0","","0.0","","0.0","","0.0","","0.0","","0","","","","",""
"-116.52","49.10","CRESTON","1142160","2021-04-14","2021","04","14","†","21.0","","0.0","","10.5","","7.5","","0.0","","0.0","","0.0","","0.0","","0","","","","",""
"-116.52","49.10","CRESTON","1142160","2021-04-15","2021","04","15","†","22.0","","2.0","","12.0","","6.0","","0.0","","0.0","","0.0","","0.0","","0","","","","",""
"-116.52","49.10","CRESTON","1142160","2021-04-16","2021","04","16","†","23.0","","1.0","","12.0","","6.0","","0.0","","0.0","","0.0","","0.0","","0","","","","",""
"-116.52","49.10","CRESTON","1142160","2021-04-17","2021","04","17","†","23.0","","2.0","","12.5","","5.5","","0.0","","0.0","","0.0","","0.0","","0","","","","",""
"-116.52","49.10","CRESTON","1142160","2021-04-18","2021","04","18","†","16.0","","3.0","","9.5","","8.5","","0.0","","2.0","","0.0","","2.0","","0","","","","",""
"-116.52","49.10","CRESTON","1142160","2021-04-19","2021","04","19","†","15.0","","-1.0","","7.0","","11.0","","0.0","","0.0","","0.0","","0.0","","0","","","","",""
"-116.52","49.10","CRESTON","1142160","2021-04-20","2021","04","20","†","18.0","","-1.0","","8.5","","9.5","","0.0","","0.0","","0.0","","0.0","","0","","","","",""
"-116.52","49.10","CRESTON","1142160","2021-04-21","2021","04","21","†","21.0","","0.0","","10.5","","7.5","","0.0","","0.0","","0.0","","0.0","","0","","","","",""
"-116.52","49.10","CRESTON","1142160","2021-04-22","2021","04","22","†","19.0","","5.0","","12.0","","6.0","","0.0","","0.0","T","0.0","","0.0","T","0","","","","",""
"-116.52","49.10","CRESTON","1142160","2021-04-23","2021","04","23","†","15.5","","5.0","","10.3","","7.7","","0.0","","1.0","","0.0","","1.0","","0","","","","",""
"-116.52","49.10","CRESTON","1142160","2021-04-24","2021","04","24","†","12.0","","6.0","","9.0","","9.0","","0.0","","10.2","","0.0","","10.2","","0","","","","",""
"-116.52","49.10","CRESTON","1142160","2021-04-25","2021","04","25","†","12.5","","5.0","","8.8","","9.2","","0.0","","0.4","","0.0","","0.4","","0","","","","",""
"-116.52","49.10","CRESTON","1142160","2021-04-26","2021","04","26","†","16.0","","5.0","","10.5","","7.5","","0.0","","0.0","","0.0","","0.0","","0","","","","",""
"-116.52","49.10","CRESTON","1142160","2021-04-27","2021","04","27","†","19.0","","1.0","","10.0","","8.0","","0.0","","0.0","","0.0","","0.0","","0","","","","",""
"-116.52","49.10","CRESTON","1142160","2021-04-28","2021","04","28","†","20.0","","4.0","","12.0","","6.0","","0.0","","0.0","","0.0","","0.0","","0","","","","",""
"-116.52","49.10","CRESTON","1142160","2021-04-29","2021","04","29","†","20.0","","8.0","","14.0","","4.0","","0.0","","0.0","","0.0","","0.0","","0","","","","",""
"-116.52","49.10","CRESTON","1142160","2021-04-30","2021","04","30","†","21.0","","7.0","","14.0","","4.0","","0.0","","0.0","","0.0","","0.0","","0","","","","",""
"-116.52","49.10","CRESTON","1142160","2021-05-01","2021","05","01","†","21.0","","6.0","","13.5","","4.5","","0.0","","0.0","","0.0","","0.0","","0","","","","",""
"-116.52","49.10","CRESTON","1142160","2021-05-02","2021","05","02","†","19.0","","4.0","","11.5","","6.5","","0.0","","0.0","","0.0","","0.0","","0","","","","",""
"-116.52","49.10","CRESTON","1142160","2021-05-03","2021","05","03","†","18.0","","3.0","","10.5","","7.5","","0.0","","0.0","","0.0","","0.0","","0","","","","",""
"-116.52","49.10","CRESTON","1142160","2021-05-04","2021","05","04","†","18.0","","5.0","","11.5","","6.5","","0.0","","0.0","","0.0","","0.0","","0","","","","",""
"-116.52","49.10","CRESTON","1142160","2021-05-05","2021","05","05","†","21.0","","3.0","","12.0","","6.0","","0.0","","0.0","","0.0","","0.0","","0","","","","",""
"-116.52","49.10","CRESTON","1142160","2021-05-06","2021","05","06","†","23.0","","6.0","","14.5","","3.5","","0.0","","1.0","","0.0","","1.0","","0","","","","",""
"-116.52","49.10","CRESTON","1142160","2021-05-07","2021","05","07","†","14.0","","9.0","","11.5","","6.5","","0.0","","0.0","","0.0","","0.0","","0","","","","",""
"-116.52","49.10","CRESTON","1142160","2021-05-08","2021","05","08","†","16.0","","6.0","","11.0","","7.0","","0.0","","0.0","","0.0","","0.0","","0","","","","",""
"-116.52","49.10","CRESTON","1142160","2021-05-09","2021","05","09","†","14.0","","2.0","","8.0","","10.0","","0.0","","0.0","","0.0","","0.0","","0","","","","",""
"-116.52","49.10","CRESTON","1142160","2021-05-10","2021","05","10","†","19.0","","6.0","","12.5","","5.5","","0.0","","2.0","","0.0","","2.0","","0","","","","",""
"-116.52","49.10","CRESTON","1142160","2021-05-11","2021","05","11","†","20.0","","7.0","","13.5","","4.5","","0.0","","0.0","","0.0","","0.0","","0","","","","",""
"-116.52","49.10","CRESTON","1142160","2021-05-12","2021","05","12","†","15.5","","8.0","","11.8","","6.2","","0.0","","0.0","","0.0","","0.0","","0","","","","",""
"-116.52","49.10","CRESTON","1142160","2021-05-13","2021","05","13","†","22.0","","8.0","","15.0","","3.0","","0.0","","0.0","","0.0","","0.0","","0","","","","",""
"-116.52","49.10","CRESTON","1142160","2021-05-14","2021","05","14","†","24.0","","7.0","","15.5","","2.5","","0.0","","0.0","","0.0","","0.0","","0","","","","",""
"-116.52","49.10","CRESTON","1142160","2021-05-15","2021","05","15","†","25.5","","7.0","","16.3","","1.7","","0.0","","0.0","","0.0","","0.0","","0","","","","",""
"-116.52","49.10","CRESTON","1142160","2021-05-16","2021","05","16","†","29.0","","9.0","","19.0","","0.0","","1.0","","0.0","","0.0","","0.0","","0","","","","",""
"-116.52","49.10","CRESTON","1142160","2021-05-17","2021","05","17","†","28.0","","10.0","","19.0","","0.0","","1.0","","0.0","","0.0","","0.0","","0","","","","",""
"-116.52","49.10","CRESTON","1142160","2021-05-18","2021","05","18","†","15.5","","11.0","","13.3","","4.7","","0.0","","0.0","","0.0","","0.0","","0","","","","",""
"-116.52","49.10","CRESTON","1142160","2021-05-19","2021","05","19","†","17.0","","2.0","","9.5","","8.5","","0.0","","0.6","","0.0","","0.6","","0","","","","",""
"-116.52","49.10","CRESTON","1142160","2021-05-20","2021","05","20","†","13.0","","6.0","","9.5","","8.5","","0.0","","0.0","","0.0","","0.0","","0","","","","",""
"-116.52","49.10","CRESTON","1142160","2021-05-21","2021","05","21","†","17.0","","6.0","","11.5","","6.5","","0.0","","0.0","","0.0","","0.0","","0","","","","",""
"-116.52","49.10","CRESTON","1142160","2021-05-22","2021","05","22","†","21.0","","7.0","","14.0","","4.0","","0.0","","0.0","","0.0","","0.0","","0","","","","",""
"-116.52","49.10","CRESTON","1142160","2021-05-23","2021","05","23","†","13.0","","9.0","","11.0","","7.0","","0.0","","15.2","","0.0","","15.2","","0","","","","",""
"-116.52","49.10","CRESTON","1142160","2021-05-24","2021","05","24","†","14.0","","9.0","","11.5","","6.5","","0.0","","1.6","","0.0","","1.6","","0","","","","",""
"-116.52","49.10","CRESTON","1142160","2021-05-25","2021","05","25","†","19.0","","10.0","","14.5","","3.5","","0.0","","0.0","","0.0","","0.0","","0","","","","",""
"-116.52","49.10","CRESTON","1142160","2021-05-26","2021","05","26","†","20.0","","8.0","","14.0","","4.0","","0.0","","0.8","","0.0","","0.8","","0","","","","",""
"-116.52","49.10","CRESTON","1142160","2021-05-27","2021","05","27","†","20.0","","7.0","","13.5","","4.5","","0.0","","0.0","","0.0","","0.0","","0","","","","",""
"-116.52","49.10","CRESTON","1142160","2021-05-28","2021","05","28","†","20.0","","8.0","","14.0","","4.0","","0.0","","0.0","","0.0","","0.0","","0","","","","",""
"-116.52","49.10","CRESTON","1142160","2021-05-29","2021","05","29","†","21.0","","4.0","","12.5","","5.5","","0.0","","0.0","","0.0","","0.0","","0","","","","",""
"-116.52","49.10","CRESTON","1142160","2021-05-30","2021","05","30","†","24.5","","6.0","","15.3","","2.7","","0.0","","0.0","","0.0","","0.0","","0","","","","",""
"-116.52","49.10","CRESTON","1142160","2021-05-31","2021","05","31","†","26.0","","9.0","","17.5","","0.5","","0.0","","0.0","","0.0","","0.0","","0","","","","",""
"-116.52","49.10","CRESTON","1142160","2021-06-01","2021","06","01","†","29.0","","13.0","","21.0","","0.0","","3.0","","0.0","","0.0","","0.0","","0","","","","",""
"-116.52","49.10","CRESTON","1142160","2021-06-02","2021","06","02","†","33.0","","14.0","","23.5","","0.0","","5.5","","0.0","","0.0","","0.0","","0","","","","",""
"-116.52","49.10","CRESTON","1142160","2021-06-03","2021","06","03","†","34.0","","15.0","","24.5","","0.0","","6.5","","0.0","","0.0","","0.0","","0","","","","",""
"-116.52","49.10","CRESTON","1142160","2021-06-04","2021","06","04","†","29.0","","14.0","","21.5","","0.0","","3.5","","0.0","","0.0","","0.0","","0","","","","",""
"-116.52","49.10","CRESTON","1142160","2021-06-05","2021","06","05","†","19.0","","12.0","","15.5","","2.5","","0.0","","3.8","","0.0","","3.8","","0","","","","",""
"-116.52","49.10","CRESTON","1142160","2021-06-06","2021","06","06","†","14.0","","5.0","","9.5","","8.5","","0.0","","2.4","","0.0","","2.4","","0","","","","",""
"-116.52","49.10","CRESTON","1142160","2021-06-07","2021","06","07","†","15.0","","7.0","","11.0","","7.0","","0.0","","1.0","","0.0","","1.0","","0","","","","",""
"-116.52","49.10","CRESTON","1142160","2021-06-08","2021","06","08","†","19.0","","7.0","","13.0","","5.0","","0.0","","2.6","","0.0","","2.6","","0","","","","",""
"-116.52","49.10","CRESTON","1142160","2021-06-09","2021","06","09","†","16.5","","10.0","","13.3","","4.7","","0.0","","0.6","","0.0","","0.6","","0","","","","",""
"-116.52","49.10","CRESTON","1142160","2021-06-10","2021","06","10","†","18.0","","9.0","","13.5","","4.5","","0.0","","0.8","","0.0","","0.8","","0","","","","",""
"-116.52","49.10","CRESTON","1142160","2021-06-11","2021","06","11","†","17.0","","6.0","","11.5","","6.5","","0.0","","2.8","","0.0","","2.8","","0","","","","",""
"-116.52","49.10","CRESTON","1142160","2021-06-12","2021","06","12","†","21.0","","10.0","","15.5","","2.5","","0.0","","0.0","","0.0","","0.0","","0","","","","",""
"-116.52","49.10","CRESTON","1142160","2021-06-13","2021","06","13","†","25.0","","11.0","","18.0","","0.0","","0.0","","0.0","","0.0","","0.0","","0","","","","",""
"-116.52","49.10","CRESTON","1142160","2021-06-14","2021","06","14","†","29.0","","15.0","","22.0","","0.0","","4.0","","6.6","","0.0","","6.6","","0","","","","",""
"-116.52","49.10","CRESTON","1142160","2021-06-15","2021","06","15","†","22.0","","14.0","","18.0","","0.0","","0.0","","5.4","","0.0","","5.4","","0","","","","",""
"-116.52","49.10","CRESTON","1142160","2021-06-16","2021","06","16","†","23.0","","8.0","","15.5","","2.5","","0.0","","0.0","","0.0","","0.0","","0","","","","",""
"-116.52","49.10","CRESTON","1142160","2021-06-17","2021","06","17","†","26.0","","9.0","","17.5","","0.5","","0.0","","0.0","","0.0","","0.0","","0","","","","",""
"-116.52","49.10","CRESTON","1142160","2021-06-18","2021","06","18","†","26.5","","11.0","","18.8","","0.0","","0.8","","0.0","","0.0","","0.0","","0","","","","",""
"-116.52","49.10","CRESTON","1142160","2021-06-19","2021","06","19","†","25.0","","12.0","","18.5","","0.0","","0.5","","0.0","","0.0","","0.0","","0","","","","",""
"-116.52","49.10","CRESTON","1142160","2021-06-20","2021","06","20","†","26.0","","14.0","","20.0","","0.0","","2.0","","0.0","","0.0","","0.0","","0","","","","",""
"-116.52","49.10","CRESTON","1142160","2021-06-21","2021","06","21","†","29.5","","13.0","","21.3","","0.0","","3.3","","0.0","","0.0","","0.0","","0","","","","",""
"-116.52","49.10","CRESTON","1142160","2021-06-22","2021","06","22","†","35.0","","17.0","","26.0","","0.0","","8.0","","0.0","","0.0","","0.0","","0","","","","",""
"-116.52","49.10","CRESTON","1142160","2021-06-23","2021","06","23","†","33.0","","17.0","","25.0","","0.0","","7.0","","1.4","","0.0","","1.4","","0","","","","",""
"-116.52","49.10","CRESTON","1142160","2021-06-24","2021","06","24","†","29.0","","17.0","","23.0","","0.0","","5.0","","0.0","","0.0","","0.0","","0","","","","",""
"-116.52","49.10","CRESTON","1142160","2021-06-25","2021","06","25","†","33.0","","15.0","","24.0","","0.0","","6.0","","0.0","","0.0","","0.0","","0","","","","",""
"-116.52","49.10","CRESTON","1142160","2021-06-26","2021","06","26","†","35.0","","17.0","","26.0","","0.0","","8.0","","0.0","","0.0","","0.0","","0","","","","",""
"-116.52","49.10","CRESTON","1142160","2021-06-27","2021","06","27","†","38.0","","18.0","","28.0","","0.0","","10.0","","0.0","","0.0","","0.0","","0","","","","",""
"-116.52","49.10","CRESTON","1142160","2021-06-28","2021","06","28","†","38.0","","19.0","","28.5","","0.0","","10.5","","0.0","","0.0","","0.0","","0","","","","",""
"-116.52","49.10","CRESTON","1142160","2021-06-29","2021","06","29","†","38.0","","20.0","","29.0","","0.0","","11.0","","0.0","","0.0","","0.0","","0","","","","",""
"-116.52","49.10","CRESTON","1142160","2021-06-30","2021","06","30","†","39.0","","21.0","","30.0","","0.0","","12.0","","0.0","","0.0","","0.0","","0","","","","",""
"-116.52","49.10","CRESTON","1142160","2021-07-01","2021","07","01","†","38.5","","20.0","","29.3","","0.0","","11.3","","0.0","","0.0","","0.0","","0","","","","",""
"-116.52","49.10","CRESTON","1142160","2021-07-02","2021","07","02","†","36.0","","20.0","","28.0","","0.0","","10.0","","0.0","","0.0","","0.0","","0","","","","",""
"-116.52","49.10","CRESTON","1142160","2021-07-03","2021","07","03","†","34.0","","17.0","","25.5","","0.0","","7.5","","0.0","","0.0","","0.0","","0","","","","",""
"-116.52","49.10","CRESTON","1142160","2021-07-04","2021","07","04","†","34.0","","18.0","","26.0","","0.0","","8.0","","0.0","","0.0","","0.0","","0","","","","",""
"-116.52","49.10","CRESTON","1142160","2021-07-05","2021","07","05","†","34.0","","17.0","","25.5","","0.0","","7.5","","0.0","","0.0","","0.0","","0","","","","",""
"-116.52","49.10","CRESTON","1142160","2021-07-06","2021","07","06","†","31.0","","16.0","","23.5","","0.0","","5.5","","0.0","","0.0","","0.0","","0","","","","",""
"-116.52","49.10","CRESTON","1142160","2021-07-07","2021","07","07","†","29.0","","16.0","","22.5","","0.0","","4.5","","0.0","","0.0","","0.0","","0","","","","",""
"-116.52","49.10","CRESTON","1142160","2021-07-08","2021","07","08","†","31.0","","16.0","","23.5","","0.0","","5.5","","0.0","","0.0","","0.0","","0","","","","",""
"-116.52","49.10","CRESTON","1142160","2021-07-09","2021","07","09","†","33.0","","16.0","","24.5","","0.0","","6.5","","0.0","","0.0","","0.0","","0","","","","",""
"-116.52","49.10","CRESTON","1142160","2021-07-10","2021","07","10","†","35.0","","15.0","","25.0","","0.0","","7.0","","0.0","","0.0","","0.0","","0","","","","",""
"-116.52","49.10","CRESTON","1142160","2021-07-11","2021","07","11","†","32.5","","16.0","","24.3","","0.0","","6.3","","0.0","","0.0","","0.0","","0","","","","",""
"-116.52","49.10","CRESTON","1142160","2021-07-12","2021","07","12","†","33.0","","16.0","","24.5","","0.0","","6.5","","0.0","","0.0","","0.0","","0","","","","",""
"-116.52","49.10","CRESTON","1142160","2021-07-13","2021","07","13","†","35.0","","17.0","","26.0","","0.0","","8.0","","0.0","","0.0","","0.0","","0","","","","",""
"-116.52","49.10","CRESTON","1142160","2021-07-14","2021","07","14","†","35.0","","17.0","","26.0","","0.0","","8.0","","0.0","","0.0","","0.0","","0","","","","",""
"-116.52","49.10","CRESTON","1142160","2021-07-15","2021","07","15","†","35.0","","16.0","","25.5","","0.0","","7.5","","0.0","","0.0","","0.0","","0","","","","",""
"-116.52","49.10","CRESTON","1142160","2021-07-16","2021","07","16","†","34.0","","16.0","","25.0","","0.0","","7.0","","0.0","","0.0","","0.0","","0","","","","",""
"-116.52","49.10","CRESTON","1142160","2021-07-17","2021","07","17","†","32.0","","16.0","","24.0","","0.0","","6.0","","0.0","","0.0","","0.0","","0","","","","",""
"-116.52","49.10","CRESTON","1142160","2021-07-18","2021","07","18","†","35.0","","15.0","","25.0","","0.0","","7.0","","0.0","","0.0","","0.0","","0","","","","",""
"-116.52","49.10","CRESTON","1142160","2021-07-19","2021","07","19","†","29.0","","16.0","","22.5","","0.0","","4.5","","0.0","","0.0","","0.0","","0","","","","",""
"-116.52","49.10","CRESTON","1142160","2021-07-20","2021","07","20","†","33.0","","17.0","","25.0","","0.0","","7.0","","0.0","","0.0","","0.0","","0","","","","",""
"-116.52","49.10","CRESTON","1142160","2021-07-21","2021","07","21","†","28.5","","15.0","","21.8","","0.0","","3.8","","0.0","","0.0","","0.0","","0","","","","",""
"-116.52","49.10","CRESTON","1142160","2021-07-22","2021","07","22","†","28.0","","12.0","","20.0","","0.0","","2.0","","0.0","","0.0","","0.0","","0","","","","",""
"-116.52","49.10","CRESTON","1142160","2021-07-23","2021","07","23","†","30.0","","12.0","","21.0","","0.0","","3.0","","0.0","","0.0","","0.0","","0","","","","",""
"-116.52","49.10","CRESTON","1142160","2021-07-24","2021","07","24","†","30.0","","13.0","","21.5","","0.0","","3.5","","0.0","","0.0","","0.0","","0","","","","",""
"-116.52","49.10","CRESTON","1142160","2021-07-25","2021","07","25","†","33.0","","15.0","","24.0","","0.0","","6.0","","0.0","","0.0","","0.0","","0","","","","",""
"-116.52","49.10","CRESTON","1142160","2021-07-26","2021","07","26","†","32.0","","16.0","","24.0","","0.0","","6.0","","0.0","","0.0","","0.0","","0","","","","",""
"-116.52","49.10","CRESTON","1142160","2021-07-27","2021","07","27","†","32.5","","16.0","","24.3","","0.0","","6.3","","0.0","","0.0","","0.0","","0","","","","",""
"-116.52","49.10","CRESTON","1142160","2021-07-28","2021","07","28","†","34.0","","16.0","","25.0","","0.0","","7.0","","0.0","","0.0","","0.0","","0","","","","",""
"-116.52","49.10","CRESTON","1142160","2021-07-29","2021","07","29","†","35.0","","18.0","","26.5","","0.0","","8.5","","0.0","","0.0","","0.0","","0","","","","",""
"-116.52","49.10","CRESTON","1142160","2021-07-30","2021","07","30","†","34.0","","18.0","","26.0","","0.0","","8.0","","0.0","","0.0","","0.0","","0","","","","",""
"-116.52","49.10","CRESTON","1142160","2021-07-31","2021","07","31","†","33.5","","19.0","","26.3","","0.0","","8.3","","0.0","","0.0","","0.0","","0","","","","",""
"-116.52","49.10","CRESTON","1142160","2021-08-01","2021","08","01","†","27.0","","21.0","","24.0","","0.0","","6.0","","3.4","","0.0","","3.4","","0","","","","",""
"-116.52","49.10","CRESTON","1142160","2021-08-02","2021","08","02","†","26.0","","20.0","","23.0","","0.0","","5.0","","0.0","","0.0","","0.0","","0","","","","",""
"-116.52","49.10","CRESTON","1142160","2021-08-03","2021","08","03","†","30.0","","17.0","","23.5","","0.0","","5.5","","4.4","","0.0","","4.4","","0","","","","",""
"-116.52","49.10","CRESTON","1142160","2021-08-04","2021","08","04","†","28.0","","17.0","","22.5","","0.0","","4.5","","0.0","","0.0","","0.0","","0","","","","",""
"-116.52","49.10","CRESTON","1142160","2021-08-05","2021","08","05","†","25.0","","15.0","","20.0","","0.0","","2.0","","0.0","","0.0","","0.0","","0","","","","",""
"-116.52","49.10","CRESTON","1142160","2021-08-06","2021","08","06","†","30.0","","15.0","","22.5","","0.0","","4.5","","0.0","","0.0","","0.0","","0","","","","",""
"-116.52","49.10","CRESTON","1142160","2021-08-07","2021","08","07","†","25.0","","20.0","","22.5","","0.0","","4.5","","9.0","","0.0","","9.0","","0","","","","",""
"-116.52","49.10","CRESTON","1142160","2021-08-08","2021","08","08","†","21.0","","15.0","","18.0","","0.0","","0.0","","5.4","","0.0","","5.4","","0","","","","",""
"-116.52","49.10","CRESTON","1142160","2021-08-09","2021","08","09","†","23.0","","10.0","","16.5","","1.5","","0.0","","0.0","","0.0","","0.0","","0","","","","",""
"-116.52","49.10","CRESTON","1142160","2021-08-10","2021","08","10","†","27.0","","14.0","","20.5","","0.0","","2.5","","0.0","","0.0","","0.0","","0","","","","",""
"-116.52","49.10","CRESTON","1142160","2021-08-11","2021","08","11","†","32.0","","15.0","","23.5","","0.0","","5.5","","0.0","","0.0","","0.0","","0","","","","",""
"-116.52","49.10","CRESTON","1142160","2021-08-12","2021","08","12","†","25.0","","17.0","","21.0","","0.0","","3.0","","0.0","","0.0","","0.0","","0","","","","",""
"-116.52","49.10","CRESTON","1142160","2021-08-13","2021","08","13","†","27.0","","15.0","","21.0","","0.0","","3.0","","0.0","","0.0","","0.0","","0","","","","",""
"-116.52","49.10","CRESTON","1142160","2021-08-14","2021","08","14","†","28.0","","14.0","","21.0","","0.0","","3.0","","0.0","","0.0","","0.0","","0","","","","",""
"-116.52","49.10","CRESTON","1142160","2021-08-15","2021","08","15","†","34.0","","15.0","","24.5","","0.0","","6.5","","0.0","","0.0","","0.0","","0","","","","",""
"-116.52","49.10","CRESTON","1142160","2021-08-16","2021","08","16","†","26.0","","20.0","","23.0","","0.0","","5.0","","7.4","","0.0","","7.4","","0","","","","",""
"-116.52","49.10","CRESTON","1142160","2021-08-17","2021","08","17","†","16.0","","13.0","","14.5","","3.5","","0.0","","16.4","","0.0","","16.4","","0","","","","",""
"-116.52","49.10","CRESTON","1142160","2021-08-18","2021","08","18","†","23.0","","11.0","","17.0","","1.0","","0.0","","0.0","","0.0","","0.0","","0","","","","",""
"-116.52","49.10","CRESTON","1142160","2021-08-19","2021","08","19","†","22.0","","10.0","","16.0","","2.0","","0.0","","0.0","","0.0","","0.0","","0","","","","",""
"-116.52","49.10","CRESTON","1142160","2021-08-20","2021","08","20","†","25.0","","11.0","","18.0","","0.0","","0.0","","3.6","","0.0","","3.6","","0","","","","",""
"-116.52","49.10","CRESTON","1142160","2021-08-21","2021","08","21","†","16.0","","14.0","","15.0","","3.0","","0.0","","9.2","","0.0","","9.2","","0","","","","",""
"-116.52","49.10","CRESTON","1142160","2021-08-22","2021","08","22","†","21.0","","13.0","","17.0","","1.0","","0.0","","1.8","","0.0","","1.8","","0","","","","",""
"-116.52","49.10","CRESTON","1142160","2021-08-23","2021","08","23","†","18.0","","7.0","","12.5","","5.5","","0.0","","0.0","","0.0","","0.0","","0","","","","",""
"-116.52","49.10","CRESTON","1142160","2021-08-24","2021","08","24","†","23.0","","7.0","","15.0","","3.0","","0.0","","0.0","","0.0","","0.0","","0","","","","",""
"-116.52","49.10","CRESTON","1142160","2021-08-25","2021","08","25","†","25.0","","8.0","","16.5","","1.5","","0.0","","0.0","","0.0","","0.0","","0","","","","",""
"-116.52","49.10","CRESTON","1142160","2021-08-26","2021","08","26","†","24.0","","9.0","","16.5","","1.5","","0.0","","3.8","","0.0","","3.8","","0","","","","",""
"-116.52","49.10","CRESTON","1142160","2021-08-27","2021","08","27","†","19.0","","12.0","","15.5","","2.5","","0.0","","2.6","","0.0","","2.6","","0","","","","",""
"-116.52","49.10","CRESTON","1142160","2021-08-28","2021","08","28","†","24.0","","9.0","","16.5","","1.5","","0.0","","0.0","","0.0","","0.0","","0","","","","",""
"-116.52","49.10","CRESTON","1142160","2021-08-29","2021","08","29","†","28.0","","10.0","","19.0","","0.0","","1.0","","0.0","","0.0","","0.0","","0","","","","",""
"-116.52","49.10","CRESTON","1142160","2021-08-30","2021","08","30","†","28.0","","10.0","","19.0","","0.0","","1.0","","0.0","","0.0","","0.0","","0","","","","",""
"-116.52","49.10","CRESTON","1142160","2021-08-31","2021","08","31","†","20.0","","12.0","","16.0","","2.0","","0.0","","3.0","","0.0","","3.0","","0","","","","",""
"-116.52","49.10","CRESTON","1142160","2021-09-01","2021","09","01","†","19.0","","7.0","","13.0","","5.0","","0.0","","0.0","","0.0","","0.0","","0","","","","",""
"-116.52","49.10","CRESTON","1142160","2021-09-02","2021","09","02","†","22.0","","7.0","","14.5","","3.5","","0.0","","0.0","","0.0","","0.0","","0","","","","",""
"-116.52","49.10","CRESTON","1142160","2021-09-03","2021","09","03","†","24.0","","8.0","","16.0","","2.0","","0.0","","0.0","","0.0","","0.0","","0","","","","",""
"-116.52","49.10","CRESTON","1142160","2021-09-04","2021","09","04","†","27.5","","10.0","","18.8","","0.0","","0.8","","0.0","","0.0","","0.0","","0","","","","",""
"-116.52","49.10","CRESTON","1142160","2021-09-05","2021","09","05","†","25.5","","12.0","","18.8","","0.0","","0.8","","0.0","","0.0","","0.0","","0","","","","",""
"-116.52","49.10","CRESTON","1142160","2021-09-06","2021","09","06","†","26.0","","13.0","","19.5","","0.0","","1.5","","0.0","","0.0","","0.0","","0","","","","",""
"-116.52","49.10","CRESTON","1142160","2021-09-07","2021","09","07","†","27.5","","10.0","","18.8","","0.0","","0.8","","0.0","","0.0","","0.0","","0","","","","",""
"-116.52","49.10","CRESTON","1142160","2021-09-08","2021","09","08","†","29.0","","11.0","","20.0","","0.0","","2.0","","0.0","","0.0","","0.0","","0","","","","",""
"-116.52","49.10","CRESTON","1142160","2021-09-09","2021","09","09","†","27.0","","11.0","","19.0","","0.0","","1.0","","0.0","","0.0","","0.0","","0","","","","",""
"-116.52","49.10","CRESTON","1142160","2021-09-10","2021","09","10","†","22.0","","12.0","","17.0","","1.0","","0.0","","10.8","","0.0","","10.8","","0","","","","",""
"-116.52","49.10","CRESTON","1142160","2021-09-11","2021","09","11","†","20.0","","14.0","","17.0","","1.0","","0.0","","0.0","","0.0","","0.0","","0","","","","",""
"-116.52","49.10","CRESTON","1142160","2021-09-12","2021","09","12","†","23.0","","11.0","","17.0","","1.0","","0.0","","9.0","","0.0","","9.0","","0","","","","",""
"-116.52","49.10","CRESTON","1142160","2021-09-13","2021","09","13","†","20.0","","10.0","","15.0","","3.0","","0.0","","0.0","","0.0","","0.0","","0","","","","",""
"-116.52","49.10","CRESTON","1142160","2021-09-14","2021","09","14","†","23.0","","8.0","","15.5","","2.5","","0.0","","0.0","T","0.0","","0.0","T","0","","","","",""
"-116.52","49.10","CRESTON","1142160","2021-09-15","2021","09","15","†","18.0","","10.0","","14.0","","4.0","","0.0","","0.0","","0.0","","0.0","","0","","","","",""
"-116.52","49.10","CRESTON","1142160","2021-09-16","2021","09","16","†","17.5","","5.0","","11.3","","6.7","","0.0","","0.0","","0.0","","0.0","","0","","","","",""
"-116.52","49.10","CRESTON","1142160","2021-09-17","2021","09","17","†","15.0","","5.0","","10.0","","8.0","","0.0","","9.6","","0.0","","9.6","","0","","","","",""
"-116.52","49.10","CRESTON","1142160","2021-09-18","2021","09","18","†","16.0","","7.0","","11.5","","6.5","","0.0","","2.0","","0.0","","2.0","","0","","","","",""
"-116.52","49.10","CRESTON","1142160","2021-09-19","2021","09","19","†","14.0","","8.0","","11.0","","7.0","","0.0","","5.2","","0.0","","5.2","","0","","","","",""
"-116.52","49.10","CRESTON","1142160","2021-09-20","2021","09","20","†","17.0","","5.0","","11.0","","7.0","","0.0","","0.0","","0.0","","0.0","","0","","","","",""
"-116.52","49.10","CRESTON","1142160","2021-09-21","2021","09","21","†","21.0","","5.0","","13.0","","5.0","","0.0","","0.0","","0.0","","0.0","","0","","","","",""
"-116.52","49.10","CRESTON","1142160","2021-09-22","2021","09","22","†","21.0","","6.0","","13.5","","4.5","","0.0","","0.0","","0.0","","0.0","","0","","","","",""
"-116.52","49.10","CRESTON","1142160","2021-09-23","2021","09","23","†","20.0","","9.0","","14.5","","3.5","","0.0","","0.0","","0.0","","0.0","","0","","","","",""
"-116.52","49.10","CRESTON","1142160","2021-09-24","2021","09","24","†","21.0","","7.0","","14.0","","4.0","","0.0","","0.0","","0.0","","0.0","","0","","","","",""
"-116.52","49.10","CRESTON","1142160","2021-09-25","2021","09","25","†","26.0","","8.0","","17.0","","1.0","","0.0","","0.0","","0.0","","0.0","","0","","","","",""
"-116.52","49.10","CRESTON","1142160","2021-09-26","2021","09","26","†","25.0","","9.0","","17.0","","1.0","","0.0","","0.0","","0.0","","0.0","","0","","","","",""
"-116.52","49.10","CRESTON","1142160","2021-09-27","2021","09","27","†","21.0","","12.0","","16.5","","1.5","","0.0","","10.2","","0.0","","10.2","","0","","","","",""
"-116.52","49.10","CRESTON","1142160","2021-09-28","2021","09","28","†","14.0","","9.0","","11.5","","6.5","","0.0","","3.8","","0.0","","3.8","","0","","","","",""
"-116.52","49.10","CRESTON","1142160","2021-09-29","2021","09","29","†","15.0","","8.0","","11.5","","6.5","","0.0","","0.0","","0.0","","0.0","","0","","","","",""
"-116.52","49.10","CRESTON","1142160","2021-09-30","2021","09","30","†","14.0","","5.0","","9.5","","8.5","","0.0","","4.4","","0.0","","4.4","","0","","","","",""
"-116.52","49.10","CRESTON","1142160","2021-10-01","2021","10","01","†","17.0","","8.0","","12.5","","5.5","","0.0","","0.0","","0.0","","0.0","","0","","","","",""
"-116.52","49.10","CRESTON","1142160","2021-10-02","2021","10","02","†","15.0","","3.0","","9.0","","9.0","","0.0","","1.0","","0.0","","1.0","","0","","","","",""
"-116.52","49.10","CRESTON","1142160","2021-10-03","2021","10","03","†","20.5","","7.0","","13.8","","4.2","","0.0","","0.0","","0.0","","0.0","","0","","","","",""
"-116.52","49.10","CRESTON","1142160","2021-10-04","2021","10","04","†","14.0","","6.0","","10.0","","8.0","","0.0","","0.0","","0.0","","0.0","","0","","","","",""
"-116.52","49.10","CRESTON","1142160","2021-10-05","2021","10","05","†","23.0","","7.0","","15.0","","3.0","","0.0","","0.0","T","0.0","","0.0","T","0","","","","",""
"-116.52","49.10","CRESTON","1142160","2021-10-06","2021","10","06","†","19.0","","11.0","","15.0","","3.0","","0.0","","0.0","","0.0","","0.0","","0","","","","",""
"-116.52","49.10","CRESTON","1142160","2021-10-07","2021","10","07","†","12.0","","2.0","","7.0","","11.0","","0.0","","1.4","","0.0","","1.4","","0","","","","",""
"-116.52","49.10","CRESTON","1142160","2021-10-08","2021","10","08","†","12.0","","2.0","","7.0","","11.0","","0.0","","0.0","","0.0","","0.0","","0","","","","",""
"-116.52","49.10","CRESTON","1142160","2021-10-09","2021","10","09","†","13.0","","-1.0","","6.0","","12.0","","0.0","","0.0","","0.0","","0.0","","0","","","","",""
"-116.52","49.10","CRESTON","1142160","2021-10-10","2021","10","10","†","14.0","","8.0","","11.0","","7.0","","0.0","","0.0","","0.0","","0.0","","0","","","","",""
"-116.52","49.10","CRESTON","1142160","2021-10-11","2021","10","11","†","12.0","","-1.0","","5.5","","12.5","","0.0","","0.0","","0.0","","0.0","","0","","","","",""
"-116.52","49.10","CRESTON","1142160","2021-10-12","2021","10","12","†","11.0","","-2.0","","4.5","","13.5","","0.0","","0.0","","0.0","","0.0","","0","","","","",""
"-116.52","49.10","CRESTON","1142160","2021-10-13","2021","10","13","†","7.0","","2.0","","4.5","","13.5","","0.0","","0.0","","0.0","","0.0","","0","","","","",""
"-116.52","49.10","CRESTON","1142160","2021-10-14","2021","10","14","†","9.0","","-1.0","","4.0","","14.0","","0.0","","0.0","","0.0","","0.0","","0","","","","",""
"-116.52","49.10","CRESTON","1142160","2021-10-15","2021","10","15","†","11.0","","5.0","","8.0","","10.0","","0.0","","0.0","T","0.0","","0.0","T","0","","","","",""
"-116.52","49.10","CRESTON","1142160","2021-10-16","2021","10","16","†","13.0","","6.0","","9.5","","8.5","","0.0","","0.0","","0.0","","0.0","","0","","","","",""
"-116.52","49.10","CRESTON","1142160","2021-10-17","2021","10","17","†","17.0","","2.0","","9.5","","8.5","","0.0","","0.0","","0.0","","0.0","","0","","","","",""
"-116.52","49.10","CRESTON","1142160","2021-10-18","2021","10","18","†","15.0","","2.0","","8.5","","9.5","","0.0","","0.0","","0.0","","0.0","","0","","","","",""
"-116.52","49.10","CRESTON","1142160","2021-10-19","2021","10","19","†","19.0","","2.0","","10.5","","7.5","","0.0","","0.0","","0.0","","0.0","","0","","","","",""
"-116.52","49.10","CRESTON","1142160","2021-10-20","2021","10","20","†","10.0","","4.0","","7.0","","11.0","","0.0","","1.8","","0.0","","1.8","","0","","","","",""
"-116.52","49.10","CRESTON","1142160","2021-10-21","2021","10","21","†","15.0","","3.0","","9.0","","9.0","","0.0","","0.0","T","0.0","","0.0","T","0","","","","",""
"-116.52","49.10","CRESTON","1142160","2021-10-22","2021","10","22","†","10.0","","6.0","","8.0","","10.0","","0.0","","9.2","","0.0","","9.2","","0","","","","",""
"-116.52","49.10","CRESTON","1142160","2021-10-23","2021","10","23","†","13.0","","7.0","","10.0","","8.0","","0.0","","0.0","","0.0","","0.0","","0","","","","",""
"-116.52","49.10","CRESTON","1142160","2021-10-24","2021","10","24","†","11.0","","6.0","","8.5","","9.5","","0.0","","1.8","","0.0","","1.8","","0","","","","",""
"-116.52","49.10","CRESTON","1142160","2021-10-25","2021","10","25","†","11.0","","6.0","","8.5","","9.5","","0.0","","4.0","","0.0","","4.0","","0","","","","",""
"-116.52","49.10","CRESTON","1142160","2021-10-26","2021","10","26","†","11.0","","6.0","","8.5","","9.5","","0.0","","3.6","","0.0","","3.6","","0","","","","",""
"-116.52","49.10","CRESTON","1142160","2021-10-27","2021","10","27","†","14.0","","3.0","","8.5","","9.5","","0.0","","2.4","","0.0","","2.4","","0","","","","",""
"-116.52","49.10","CRESTON","1142160","2021-10-28","2021","10","28","†","6.0","","4.0","","5.0","","13.0","","0.0","","32.6","","0.0","","32.6","","0","","","","",""
"-116.52","49.10","CRESTON","1142160","2021-10-29","2021","10","29","†","9.0","","6.0","","7.5","","10.5","","0.0","","2.2","","0.0","","2.2","","0","","","","",""
"-116.52","49.10","CRESTON","1142160","2021-10-30","2021","10","30","†","9.0","","-5.0","","2.0","","16.0","","0.0","","0.0","","0.0","","0.0","","0","","","","",""
"-116.52","49.10","CRESTON","1142160","2021-10-31","2021","10","31","†","9.0","","-4.0","","2.5","","15.5","","0.0","","0.0","","0.0","","0.0","","0","","","","",""
"-116.52","49.10","CRESTON","1142160","2021-11-01","2021","11","01","†","10.0","","-4.0","","3.0","","15.0","","0.0","","0.0","","0.0","","0.0","","0","","","","",""
"-116.52","49.10","CRESTON","1142160","2021-11-02","2021","11","02","†","7.0","","0.0","","3.5","","14.5","","0.0","","0.0","T","0.0","","0.0","T","0","","","","",""
"-116.52","49.10","CRESTON","1142160","2021-11-03","2021","11","03","†","7.0","","3.0","","5.0","","13.0","","0.0","","3.2","","0.0","","3.2","","0","","","","",""
"-116.52","49.10","CRESTON","1142160","2021-11-04","2021","11","04","†","7.0","","2.0","","4.5","","13.5","","0.0","","3.2","","0.0","","3.2","","0","","","","",""
"-116.52","49.10","CRESTON","1142160","2021-11-05","2021","11","05","†","9.0","","6.0","","7.5","","10.5","","0.0","","6.8","","0.0","","6.8","","0","","","","",""
"-116.52","49.10","CRESTON","1142160","2021-11-06","2021","11","06","†","7.0","","2.0","","4.5","","13.5","","0.0","","3.2","","0.0","","3.2","","0","","","","",""
"-116.52","49.10","CRESTON","1142160","2021-11-07","2021","11","07","†","7.0","","3.0","","5.0","","13.0","","0.0","","3.0","","0.0","","3.0","","0","","","","",""
"-116.52","49.10","CRESTON","1142160","2021-11-08","2021","11","08","†","9.0","","2.0","","5.5","","12.5","","0.0","","0.0","","0.0","","0.0","","0","","","","",""
"-116.52","49.10","CRESTON","1142160","2021-11-09","2021","11","09","†","2.0","","-1.0","","0.5","","17.5","","0.0","","1.8","","0.0","","1.8","","0","","","","",""
"-116.52","49.10","CRESTON","1142160","2021-11-10","2021","11","10","†","10.0","","0.0","","5.0","","13.0","","0.0","","0.0","","0.0","","0.0","","0","","","","",""
"-116.52","49.10","CRESTON","1142160","2021-11-11","2021","11","11","†","4.0","","-2.0","","1.0","","17.0","","0.0","","3.8","","0.0","","3.8","","0","","","","",""
"-116.52","49.10","CRESTON","1142160","2021-11-12","2021","11","12","†","4.0","","1.0","","2.5","","15.5","","0.0","","6.0","","0.0","","6.0","","0","","","","",""
"-116.52","49.10","CRESTON","1142160","2021-11-13","2021","11","13","†","6.0","","0.0","","3.0","","15.0","","0.0","","10.4","","0.0","","10.4","","0","","","","",""
"-116.52","49.10","CRESTON","1142160","2021-11-14","2021","11","14","†","12.0","","0.0","","6.0","","12.0","","0.0","","5.2","","0.0","","5.2","","0","","","","",""
"-116.52","49.10","CRESTON","1142160","2021-11-15","2021","11","15","†","14.0","","6.0","","10.0","","8.0","","0.0","","7.4","","0.0","","7.4","","0","","","","",""
"-116.52","49.10","CRESTON","1142160","2021-11-16","2021","11","16","†","7.0","","1.0","","4.0","","14.0","","0.0","","0.0","","0.0","","0.0","","0","","","","",""
"-116.52","49.10","CRESTON","1142160","2021-11-17","2021","11","17","†","2.0","","-6.0","","-2.0","","20.0","","0.0","","0.0","","0.0","","0.0","","0","","","","",""
"-116.52","49.10","CRESTON","1142160","2021-11-18","2021","11","18","†","0.0","","-4.0","","-2.0","","20.0","","0.0","","0.0","","6.0","","6.0","","0","","","","",""
"-116.52","49.10","CRESTON","1142160","2021-11-19","2021","11","19","†","5.0","","-2.0","","1.5","","16.5","","0.0","","0.0","T","0.0","","0.0","T","6","","","","",""
"-116.52","49.10","CRESTON","1142160","2021-11-20","2021","11","20","†","3.0","","-1.0","","1.0","","17.0","","0.0","","0.0","","0.0","","0.0","","1","","","","",""
"-116.52","49.10","CRESTON","1142160","2021-11-21","2021","11","21","†","8.0","","1.0","","4.5","","13.5","","0.0","","0.0","","0.0","","0.0","","0","","","","",""
"-116.52","49.10","CRESTON","1142160","2021-11-22","2021","11","22","†","3.0","","-3.0","","0.0","","18.0","","0.0","","3.0","","0.0","","3.0","","0","","","","",""
"-116.52","49.10","CRESTON","1142160","2021-11-23","2021","11","23","†","2.5","","-1.0","","0.8","","17.2","","0.0","","1.0","","0.0","","1.0","","0","","","","",""
"-116.52","49.10","CRESTON","1142160","2021-11-24","2021","11","24","†","5.0","","-2.0","","1.5","","16.5","","0.0","","0.0","","3.0","","3.0","","0","","","","",""
"-116.52","49.10","CRESTON","1142160","2021-11-25","2021","11","25","†","3.0","","0.0","","1.5","","16.5","","0.0","","8.4","","0.0","","8.4","","3","","","","",""
"-116.52","49.10","CRESTON","1142160","2021-11-26","2021","11","26","†","7.5","","1.0","","4.3","","13.7","","0.0","","2.8","","0.0","","2.8","","0","","","","",""
"-116.52","49.10","CRESTON","1142160","2021-11-27","2021","11","27","†","6.0","","0.0","","3.0","","15.0","","0.0","","18.0","","0.0","","18.0","","0","","","","",""
"-116.52","49.10","CRESTON","1142160","2021-11-28","2021","11","28","†","13.0","","2.0","","7.5","","10.5","","0.0","","0.0","","0.0","","0.0","","0","","","","",""
"-116.52","49.10","CRESTON","1142160","2021-11-29","2021","11","29","†","11.5","","6.0","","8.8","","9.2","","0.0","","11.8","","0.0","","11.8","","0","","","","",""
"-116.52","49.10","CRESTON","1142160","2021-11-30","2021","11","30","†","10.0","","4.0","","7.0","","11.0","","0.0","","8.0","","0.0","","8.0","","0","","","","",""
"-116.52","49.10","CRESTON","1142160","2021-12-01","2021","12","01","†","16.0","","8.0","","12.0","","6.0","","0.0","","1.0","","0.0","","1.0","","0","","","","",""
"-116.52","49.10","CRESTON","1142160","2021-12-02","2021","12","02","†","13.0","","8.0","","10.5","","7.5","","0.0","","0.0","","0.0","","0.0","","0","","","","",""
"-116.52","49.10","CRESTON","1142160","2021-12-03","2021","12","03","†","3.0","","-2.0","","0.5","","17.5","","0.0","","0.0","","2.0","","2.0","","0","","","","",""
"-116.52","49.10","CRESTON","1142160","2021-12-04","2021","12","04","†","0.0","","-1.0","","-0.5","","18.5","","0.0","","0.0","","3.0","","3.0","","2","","","","",""
"-116.52","49.10","CRESTON","1142160","2021-12-05","2021","12","05","†","2.0","","-5.0","","-1.5","","19.5","","0.0","","0.0","","1.0","","1.0","","3","","","","",""
"-116.52","49.10","CRESTON","1142160","2021-12-06","2021","12","06","†","-2.0","","-6.0","","-4.0","","22.0","","0.0","","0.0","","0.0","","0.0","","2","","","","",""
"-116.52","49.10","CRESTON","1142160","2021-12-07","2021","12","07","†","-2.0","","-6.0","","-4.0","","22.0","","0.0","","0.0","","1.0","","1.0","","2","","","","",""
"-116.52","49.10","CRESTON","1142160","2021-12-08","2021","12","08","†","5.0","","-3.0","","1.0","","17.0","","0.0","","0.0","","0.0","","0.0","","3","","","","",""
"-116.52","49.10","CRESTON","1142160","2021-12-09","2021","12","09","†","2.0","","-2.0","","0.0","","18.0","","0.0","","0.0","","0.0","","0.0","","2","","","","",""
"-116.52","49.10","CRESTON","1142160","2021-12-10","2021","12","10","†","2.0","","-7.0","","-2.5","","20.5","","0.0","","0.0","","5.0","","5.0","","1","","","","",""
"-116.52","49.10","CRESTON","1142160","2021-12-11","2021","12","11","†","5.0","","-2.0","","1.5","","16.5","","0.0","","4.0","","0.0","","4.0","","6","","","","",""
"-116.52","49.10","CRESTON","1142160","2021-12-12","2021","12","12","†","6.0","","2.0","","4.0","","14.0","","0.0","","0.0","","0.0","","0.0","","0","T","","","",""
"-116.52","49.10","CRESTON","1142160","2021-12-13","2021","12","13","†","3.5","","-2.0","","0.8","","17.2","","0.0","","0.0","","4.0","","4.0","","0","T","","","",""
"-116.52","49.10","CRESTON","1142160","2021-12-14","2021","12","14","†","4.0","","0.0","","2.0","","16.0","","0.0","","0.0","","0.0","T","0.0","T","4","","","","",""
"-116.52","49.10","CRESTON","1142160","2021-12-15","2021","12","15","†","0.0","","-3.0","","-1.5","","19.5","","0.0","","0.0","","0.0","T","0.0","T","1","","","","",""
"-116.52","49.10","CRESTON","1142160","2021-12-16","2021","12","16","†","0.0","","-4.0","","-2.0","","20.0","","0.0","","0.0","","2.0","","2.0","","1","","","","",""
"-116.52","49.10","CRESTON","1142160","2021-12-17","2021","12","17","†","-4.0","","-10.0","","-7.0","","25.0","","0.0","","0.0","","2.0","","2.0","","2","","","","",""
"-116.52","49.10","CRESTON","1142160","2021-12-18","2021","12","18","†","-4.0","","-8.0","","-6.0","","24.0","","0.0","","0.0","","9.0","","9.0","","3","","","","",""
"-116.52","49.10","CRESTON","1142160","2021-12-19","2021","12","19","†","-1.0","","-6.0","","-3.5","","21.5","","0.0","","0.0","","0.0","","0.0","","9","","","","",""
"-116.52","49.10","CRESTON","1142160","2021-12-20","2021","12","20","†","-3.0","","-7.0","","-5.0","","23.0","","0.0","","0.0","","0.0","","0.0","","9","","","","",""
"-116.52","49.10","CRESTON","1142160","2021-12-21","2021","12","21","†","-4.0","","-8.0","","-6.0","","24.0","","0.0","","0.0","","7.0","","7.0","","8","","","","",""
"-116.52","49.10","CRESTON","1142160","2021-12-22","2021","12","22","†","2.0","","-6.0","","-2.0","","20.0","","0.0","","4.6","","0.0","","4.6","","14","","","","",""
"-116.52","49.10","CRESTON","1142160","2021-12-23","2021","12","23","†","4.0","","-2.0","","1.0","","17.0","","0.0","","2.6","","2.0","","4.6","","12","","","","",""
"-116.52","49.10","CRESTON","1142160","2021-12-24","2021","12","24","†","1.0","","-3.0","","-1.0","","19.0","","0.0","","0.0","","2.0","","2.0","","11","","","","",""
"-116.52","49.10","CRESTON","1142160","2021-12-25","2021","12","25","†","1.0","","-1.0","","0.0","","18.0","","0.0","","0.0","","5.0","","5.0","","12","","","","",""
"-116.52","49.10","CRESTON","1142160","2021-12-26","2021","12","26","†","0.0","","-3.0","","-1.5","","19.5","","0.0","","0.0","","2.0","","2.0","","15","","","","",""
"-116.52","49.10","CRESTON","1142160","2021-12-27","2021","12","27","†","-3.0","","-9.0","","-6.0","","24.0","","0.0","","0.0","","4.0","","4.0","","14","","","","",""
"-116.52","49.10","CRESTON","1142160","2021-12-28","2021","12","28","†","-8.0","","-12.0","","-10.0","","28.0","","0.0","","0.0","","1.0","","1.0","","18","","","","",""
"-116.52","49.10","CRESTON","1142160","2021-12-29","2021","12","29","†","-10.0","","-13.0","","-11.5","","29.5","","0.0","","0.0","","1.0","","1.0","","17","","","","",""
"-116.52","49.10","CRESTON","1142160","2021-12-30","2021","12","30","†","-10.0","","-14.0","","-12.0","","30.0","","0.0","","0.0","","0.0","T","0.0","T","17","","","","",""
"-116.52","49.10","CRESTON","1142160","2021-12-31","2021","12","31","†","-7.0","","-13.0","","-10.0","","28.0","","0.0","","0.0","","0.0","","0.0","","16","","","","",""
